image_id,split,animals,license,author,original_url,landing_url
04ce0bea454a0696,validation,3,https://creativecommons.org/licenses/by/2.0/,Kate Ter Haar,https://farm7.staticflickr.com/3911/15047437635_71b885aa71_o.jpg,https://www.flickr.com/photos/katerha/15047437635
0755c308c03f0bdc,validation,7,https://creativecommons.org/licenses/by/2.0/,Jon&#x27;s pics,https://c5.staticflickr.com/2/1416/5139222226_b3bd0dd408_o.jpg,https://www.flickr.com/photos/nakedcharlton/5139222226
0a4052b537cc7e20,validation,1,https://creativecommons.org/licenses/by/2.0/,Doug Wertman,https://farm1.staticflickr.com/3726/9487660804_64a8c040f9_o.jpg,https://www.flickr.com/photos/nanoprobe67/9487660804
0b7fa9b3bb291bd3,validation,2,https://creativecommons.org/licenses/by/2.0/,Show Us Your Togwotee,https://farm4.staticflickr.com/4021/4426980345_cff30f3efb_o.jpg,https://www.flickr.com/photos/showusyourtogwotee/4426980345
0d68f5133355b30a,validation,1,https://creativecommons.org/licenses/by/2.0/,Battle Creek CVB,https://c3.staticflickr.com/3/2563/4101397312_87394ea8ed_o.jpg,https://www.flickr.com/photos/battlecreekcvb/4101397312
0dfb0cb56b5f6f83,validation,1,https://creativecommons.org/licenses/by/2.0/,Vincent Lit,https://farm4.staticflickr.com/5605/15644858645_8e3264192b_o.jpg,https://www.flickr.com/photos/v_lit/15644858645
0e8d55f67017c922,validation,3,https://creativecommons.org/licenses/by/2.0/,Glen Bowman,https://farm3.staticflickr.com/5732/20826039598_5b4e66a9d4_o.jpg,https://www.flickr.com/photos/glenbowman/20826039598
0ea8215d241cd6a7,validation,2,https://creativecommons.org/licenses/by/2.0/,Photty,https://farm8.staticflickr.com/6055/6328112267_c8a8cd2625_o.jpg,https://www.flickr.com/photos/photti/6328112267
1445fa691a804dc2,validation,1,https://creativecommons.org/licenses/by/2.0/,Hafiz Issadeen,https://farm3.staticflickr.com/3022/2977505209_9564ca41f5_o.jpg,https://www.flickr.com/photos/yimhafiz/2977505209
178a83688c532568,validation,2,https://creativecommons.org/licenses/by/2.0/,.waldec,https://c1.staticflickr.com/2/1405/5169887889_6649951858_o.jpg,https://www.flickr.com/photos/waldec/5169887889
1849e790e496eebe,validation,1,https://creativecommons.org/licenses/by/2.0/,Southern Arkansas University,https://c7.staticflickr.com/5/4152/5060001340_74dfd6930a_o.jpg,https://www.flickr.com/photos/saumag/5060001340
19d1c340dd7a4268,validation,8,https://creativecommons.org/licenses/by/2.0/,Richard,https://c1.staticflickr.com/1/56/138260822_0f38759939_o.jpg,https://www.flickr.com/photos/dipfan/138260822
1e54fe77eb9db77b,validation,2,https://creativecommons.org/licenses/by/2.0/,angela n.,https://c4.staticflickr.com/7/6120/6255865826_9e4b2083c4_o.jpg,https://www.flickr.com/photos/aon/6255865826
1e838fef1f21a3d9,validation,2,https://creativecommons.org/licenses/by/2.0/,pinotshop,https://c2.staticflickr.com/4/3611/3642853136_9f9000400e_o.jpg,https://www.flickr.com/photos/10040723@N05/3642853136
1eb8d0a8e5ca2681,validation,2,https://creativecommons.org/licenses/by/2.0/,Amit Patel,https://farm2.staticflickr.com/4149/5058913526_f2635e6340_o.jpg,https://www.flickr.com/photos/amitp/5058913526
1f860f31115ed8bb,validation,2,https://creativecommons.org/licenses/by/2.0/,Rae Allen,https://c4.staticflickr.com/7/6139/5949785160_cac26ae3d0_o.jpg,https://www.flickr.com/photos/raeallen/5949785160
1fca4e8814de1ef8,validation,2,https://creativecommons.org/licenses/by/2.0/,-JvL-,https://c1.staticflickr.com/4/3943/15285652978_521bcb3c08_o.jpg,https://www.flickr.com/photos/-jvl-/15285652978
224ad16181d9fb6b,validation,2,https://creativecommons.org/licenses/by/2.0/,foshie,https://c4.staticflickr.com/3/2287/1504459440_040f7299a7_o.jpg,https://www.flickr.com/photos/foshie/1504459440
226042dbf3ebdf47,validation,2,https://creativecommons.org/licenses/by/2.0/,John Johnston,https://farm8.staticflickr.com/3469/3715438860_0615c79540_o.jpg,https://www.flickr.com/photos/ateabutnoe/3715438860/
2335287cb4210ed5,validation,1,https://creativecommons.org/licenses/by/2.0/,senza senso,https://farm6.staticflickr.com/5788/20563943353_db91dcd436_o.jpg,https://www.flickr.com/photos/mesec/20563943353
26ad15f7c8fa32c1,validation,1,https://creativecommons.org/licenses/by/2.0/,carol patterson,https://farm2.staticflickr.com/6176/6157316980_abfd0d2c69_o.jpg,https://www.flickr.com/photos/30565636@N05/6157316980
270014837523e494,validation,8,https://creativecommons.org/licenses/by/2.0/,Julián Ortega Martínez,https://farm5.staticflickr.com/8447/7966825268_f8ebff9c07_o.jpg,https://www.flickr.com/photos/julianortegam/7966825268
284f821bec7df36b,validation,1,https://creativecommons.org/licenses/by/2.0/,Jitze Couperus,https://c4.staticflickr.com/4/3887/14807372897_0927a005ef_o.jpg,https://www.flickr.com/photos/jitze1942/14807372897
335197067b30029e,validation,2,https://creativecommons.org/licenses/by/2.0/,U.S. Army,https://c7.staticflickr.com/5/4097/4931395264_7a2c5e95c1_o.jpg,https://www.flickr.com/photos/familymwr/4931395264
3430425f3269b66e,validation,1,https://creativecommons.org/licenses/by/2.0/,Sam Hawley,https://c7.staticflickr.com/8/7163/6615797635_5dc67b2f02_o.jpg,https://www.flickr.com/photos/samhawleywood/6615797635
356abab05ee349a7,validation,1,https://creativecommons.org/licenses/by/2.0/,Nick Black,https://farm8.staticflickr.com/1031/1287389264_edd6a8a582_o.jpg,https://www.flickr.com/photos/nick_bl/1287389264
35af5c348f913f0b,validation,1,https://creativecommons.org/licenses/by/2.0/,Ruth Hartnup,https://c4.staticflickr.com/1/24/53077974_73902e5a65_o.jpg,https://www.flickr.com/photos/ruthanddave/53077974
364bc47890f68a2c,validation,5,https://creativecommons.org/licenses/by/2.0/,mannewaar,https://c5.staticflickr.com/4/3482/3713447515_727b8ddafa_o.jpg,https://www.flickr.com/photos/mannewaar/3713447515
373eb7cd1849a39d,validation,2,https://creativecommons.org/licenses/by/2.0/,Ronnie Macdonald,https://c6.staticflickr.com/1/210/467660440_fb1ad04021_o.jpg,https://www.flickr.com/photos/ronmacphotos/467660440
37a8b48110db608f,validation,2,https://creativecommons.org/licenses/by/2.0/,Yun Huang Yong,https://c8.staticflickr.com/1/35/108323980_2b3a44c999_o.jpg,https://www.flickr.com/photos/goosmurf/108323980
383f4d01a43c5b71,validation,2,https://creativecommons.org/licenses/by/2.0/,manhhai,https://farm2.staticflickr.com/5614/15501900759_be6b87b96b_o.jpg,https://www.flickr.com/photos/13476480@N07/15501900759
38f12d6de5177c22,validation,1,https://creativecommons.org/licenses/by/2.0/,Auckland  Photo News,https://farm3.staticflickr.com/7167/6775323727_53a3edd9d5_o.jpg,https://www.flickr.com/photos/aucklandphotonews/6775323727
3b0552d633474d44,validation,3,https://creativecommons.org/licenses/by/2.0/,Jennifer Aitkens,https://farm5.staticflickr.com/83/235093203_fa33dea217_o.jpg,https://www.flickr.com/photos/molajen/235093203
3c0b58255137d56a,validation,2,https://creativecommons.org/licenses/by/2.0/,JWolff-STL,https://c3.staticflickr.com/3/2808/10938939603_1b986a26b0_o.jpg,https://www.flickr.com/photos/jwolff-stl/10938939603
415cd68440b0cc93,validation,2,https://creativecommons.org/licenses/by/2.0/,Colegio Mayor Santillana,https://farm4.staticflickr.com/1359/4598270442_431928c972_o.jpg,https://www.flickr.com/photos/colegiomayorsantillana/4598270442
421a93da4e4152f3,validation,2,https://creativecommons.org/licenses/by/2.0/,Linda,https://farm4.staticflickr.com/1375/1189115902_5ab76f9bae_o.jpg,https://www.flickr.com/photos/lindaburnett/1189115902
450360d4f08b9f53,validation,1,https://creativecommons.org/licenses/by/2.0/,FieldsportsChannel TV,https://farm4.staticflickr.com/8378/8413484297_5a1d831b56_o.jpg,https://www.flickr.com/photos/fieldsportschannel/8413484297
48f79081769b86d4,validation,5,https://creativecommons.org/licenses/by/2.0/,Delaware Agriculture,https://farm5.staticflickr.com/7269/7537668176_a3f8d80d43_o.jpg,https://www.flickr.com/photos/agriculturede/7537668176
4a9311443a33f485,validation,7,https://creativecommons.org/licenses/by/2.0/,Vlad Butsky,https://farm6.staticflickr.com/1206/893438430_44d92c46a1_o.jpg,https://www.flickr.com/photos/butsky/893438430/
4b10e6b2dd5cf169,validation,2,https://creativecommons.org/licenses/by/2.0/,Marc Dalmulder,https://c2.staticflickr.com/7/6190/6084621345_e0f55630bd_o.jpg,https://www.flickr.com/photos/mdalmuld/6084621345
4c85d26fa6d01bc2,validation,1,https://creativecommons.org/licenses/by/2.0/,Ben Salter,https://farm3.staticflickr.com/8738/16918062016_fc8903970f_o.jpg,https://www.flickr.com/photos/ben_salter/16918062016
4d55c519a24906d3,validation,2,https://creativecommons.org/licenses/by/2.0/,Ricky wilson,https://farm4.staticflickr.com/7304/12739888804_e076de7f4e_o.jpg,https://www.flickr.com/photos/rlwilsonphotography/12739888804
5062a3ff888a580a,validation,3,https://creativecommons.org/licenses/by/2.0/,Sam Purtill,https://c3.staticflickr.com/3/2583/3756046515_2deb8a7717_o.jpg,https://www.flickr.com/photos/sdpurtill/3756046515
5105e40ffa169f06,validation,1,https://creativecommons.org/licenses/by/2.0/,peasap,https://farm7.staticflickr.com/3381/3479233432_256c46410a_o.jpg,https://www.flickr.com/photos/peasap/3479233432
5259e2bd94d9a5d6,validation,8,https://creativecommons.org/licenses/by/2.0/,A Yee,https://farm7.staticflickr.com/5161/5337989010_3dfff2da1f_o.jpg,https://www.flickr.com/photos/57412095@N05/5337989010
57711acbb13dc757,validation,2,https://creativecommons.org/licenses/by/2.0/,docentjoyce,https://farm8.staticflickr.com/1420/773578293_ea8469eb3a_o.jpg,https://www.flickr.com/photos/docentjoyce/773578293/
5dd120b1e38c0919,validation,4,https://creativecommons.org/licenses/by/2.0/,Walter,https://c2.staticflickr.com/9/8098/8472876598_45c2284fc2_o.jpg,https://www.flickr.com/photos/walterpro/8472876598
5f98a6a9fcb28e04,validation,2,https://creativecommons.org/licenses/by/2.0/,Bud Ellison,https://farm5.staticflickr.com/7466/16301801675_88e5598edd_o.jpg,https://www.flickr.com/photos/budellison/16301801675
5fd8e7767e723d54,validation,1,https://creativecommons.org/licenses/by/2.0/,uff-da,https://farm5.staticflickr.com/47/189835799_82fffe4012_o.jpg,https://www.flickr.com/photos/jonathunder/189835799
6087895e5aee45b6,validation,4,https://creativecommons.org/licenses/by/2.0/,Rich Wareham,https://farm7.staticflickr.com/3687/11826235564_00c78a0de7_o.jpg,https://www.flickr.com/photos/richw909_pics/11826235564
60c1462011836793,validation,4,https://creativecommons.org/licenses/by/2.0/,aemosion,https://farm4.staticflickr.com/2100/2171289331_b34193e34c_o.jpg,https://www.flickr.com/photos/21664821@N05/2171289331
62be1fd5efd9fa82,validation,1,https://creativecommons.org/licenses/by/2.0/,marc falardeau,https://farm3.staticflickr.com/8440/7908169124_7283302d0a_o.jpg,https://www.flickr.com/photos/49889874@N05/7908169124
65924623968e80ed,validation,8,https://creativecommons.org/licenses/by/2.0/,Mt. Hood Territory,https://c6.staticflickr.com/9/8517/8409026942_a0588d4e62_o.jpg,https://www.flickr.com/photos/mt_hood_territory/8409026942
65fa93cf7916e533,validation,2,https://creativecommons.org/licenses/by/2.0/,Louise Python,https://farm4.staticflickr.com/502/18962545401_47ab3bc486_o.jpg,https://www.flickr.com/photos/louisepython/18962545401
686a7184b6616e50,validation,1,https://creativecommons.org/licenses/by/2.0/,Cecilia Heinen,https://farm1.staticflickr.com/3581/3470191535_f2a73e8786_o.jpg,https://www.flickr.com/photos/ceciliaheinen/3470191535
694fae862931296e,validation,2,https://creativecommons.org/licenses/by/2.0/,Tracy Hunter,https://c7.staticflickr.com/8/7598/16150241794_69beea6e49_o.jpg,https://www.flickr.com/photos/tracyhunter/16150241794
6970e9b6d3ad031f,validation,2,https://creativecommons.org/licenses/by/2.0/,tarrytown,https://c8.staticflickr.com/7/6027/5954960680_b857aa4615_o.jpg,https://www.flickr.com/photos/16469953@N00/5954960680
6c31d5bcb959b572,validation,1,https://creativecommons.org/licenses/by/2.0/,Kenneth Baruch,https://farm3.staticflickr.com/54/168352590_815d255475_o.jpg,https://www.flickr.com/photos/69482830@N00/168352590
6e3d4fafb792cbc0,validation,2,https://creativecommons.org/licenses/by/2.0/,rd.,https://farm1.staticflickr.com/4114/4945990868_e14e146b30_o.jpg,https://www.flickr.com/photos/rachaeldamore/4945990868
6e6f4713ba2e1b03,validation,1,https://creativecommons.org/licenses/by/2.0/,lamoix,https://farm4.staticflickr.com/3593/3790137307_c323416a59_o.jpg,https://www.flickr.com/photos/lamoix/3790137307
707200a238efb28c,validation,2,https://creativecommons.org/licenses/by/2.0/,Red Junasun,https://c5.staticflickr.com/3/2533/3962208864_112245c520_o.jpg,https://www.flickr.com/photos/redjunasun/3962208864
7359d13f1035d53d,validation,1,https://creativecommons.org/licenses/by/2.0/,Janice Waltzer,https://c6.staticflickr.com/8/7208/13868869414_ed86eb8a8b_o.jpg,https://www.flickr.com/photos/pixelpackr/13868869414/
7375f049dee8abf3,validation,2,https://creativecommons.org/licenses/by/2.0/,Martin benavides,https://farm4.staticflickr.com/2376/2293649448_e25a4e6c7d_o.jpg,https://www.flickr.com/photos/mbenavides/2293649448
77f1ce5dd3b7d6eb,validation,1,https://creativecommons.org/licenses/by/2.0/,Peter Halling Hilborg,https://c4.staticflickr.com/9/8164/7172860677_a3740c2206_o.jpg,https://www.flickr.com/photos/philborg/7172860677
791c4a0fb354f2b6,validation,8,https://creativecommons.org/licenses/by/2.0/,Joe Goldberg,https://farm7.staticflickr.com/4092/4986789321_99eff60903_o.jpg,https://www.flickr.com/photos/goldberg/4986789321
7c7653ed45892efc,validation,1,https://creativecommons.org/licenses/by/2.0/,Bud Ellison,https://c5.staticflickr.com/9/8582/15783522903_1f17c8141c_o.jpg,https://www.flickr.com/photos/budellison/15783522903
7d41596df966700d,validation,2,https://creativecommons.org/licenses/by/2.0/,Garry Knight,https://c6.staticflickr.com/5/4094/4860112641_ff84a8bb44_o.jpg,https://www.flickr.com/photos/garryknight/4860112641
7e0958fcde715dbe,validation,2,https://creativecommons.org/licenses/by/2.0/,Markus Spiske,https://c7.staticflickr.com/3/2927/14533449446_b44bc59d2b_o.jpg,https://www.flickr.com/photos/markusspiske/14533449446
80cdec2f07849ce7,validation,2,https://creativecommons.org/licenses/by/2.0/,Peter Linehan,https://farm8.staticflickr.com/8289/7770865746_14b904bc97_o.jpg,https://www.flickr.com/photos/p_linehan/7770865746
83bde93186601632,validation,1,https://creativecommons.org/licenses/by/2.0/,Richard Stephenson,https://farm3.staticflickr.com/6031/6339561908_f27cb6f6f7_o.jpg,https://www.flickr.com/photos/richardstep/6339561908
86463a5a7dcb1a69,validation,1,https://creativecommons.org/licenses/by/2.0/,Woody Hibbard,https://c2.staticflickr.com/6/5319/5915390926_d6aa7fd027_o.jpg,https://www.flickr.com/photos/pamwood707/5915390926
87ea58fb7ed13387,validation,1,https://creativecommons.org/licenses/by/2.0/,S. Rae,https://farm8.staticflickr.com/7645/16806120095_7eca3e14a4_o.jpg,https://www.flickr.com/photos/35142635@N05/16806120095
8b3ea7f244658059,validation,2,https://creativecommons.org/licenses/by/2.0/,Thomas Kriese,https://c2.staticflickr.com/3/2625/3930775648_4bf6d13fae_o.jpg,https://www.flickr.com/photos/thomaspix/3930775648
8d4f224faea5042a,validation,1,https://creativecommons.org/licenses/by/2.0/,Photo and Share CC,https://c3.staticflickr.com/4/3818/11030016493_61196c7815_o.jpg,https://www.flickr.com/photos/cc_photoshare/11030016493
8e192810999ba40f,validation,1,https://creativecommons.org/licenses/by/2.0/,Roderick Eime,https://c8.staticflickr.com/9/8682/16609315102_31feec8078_o.jpg,https://www.flickr.com/photos/rodeime/16609315102
9033984d077095a0,validation,1,https://creativecommons.org/licenses/by/2.0/,Alden Chadwick,https://farm1.staticflickr.com/4150/5060843577_4516e09af5_o.jpg,https://www.flickr.com/photos/aldenchadwick/5060843577/
9085b1c48bc921ad,validation,2,https://creativecommons.org/licenses/by/2.0/,Louise Python,https://c6.staticflickr.com/6/5601/15416206647_ddee581804_o.jpg,https://flickr.com/128134424@N04/15416206647
961378a112a51b1e,validation,2,https://creativecommons.org/licenses/by/2.0/,Jeremy Couture,https://c7.staticflickr.com/5/4069/4359518736_f08c2fc5d0_o.jpg,https://www.flickr.com/photos/jeremy-couture/4359518736
9bf69072f9693c5c,validation,1,https://creativecommons.org/licenses/by/2.0/,Cristian Bortes,https://c5.staticflickr.com/2/1411/5108350158_91c5b16ff2_o.jpg,https://www.flickr.com/photos/bortescristian/5108350158
a0767e2d4df28b6c,validation,2,https://creativecommons.org/licenses/by/2.0/,Paul Simpson,https://c5.staticflickr.com/1/171/395797371_545d1e962b_o.jpg,https://www.flickr.com/photos/paulsimpson1976/395797371
a4c4769740924471,validation,1,https://creativecommons.org/licenses/by/2.0/,Leszek Kozlowski,https://farm2.staticflickr.com/116/291820746_e6c07c74a4_o.jpg,https://www.flickr.com/photos/bilk/291820746
a4e8f96810dab5f3,validation,1,https://creativecommons.org/licenses/by/2.0/,Victoria Reay,https://farm4.staticflickr.com/6164/6195426907_616b5ec79c_o.jpg,https://www.flickr.com/photos/vkreay/6195426907
a91edddd4a19b12d,validation,4,https://creativecommons.org/licenses/by/2.0/,Eirik Newth,https://c6.staticflickr.com/1/48/140183167_163ea7d5e6_o.jpg,https://www.flickr.com/photos/eiriknewth/140183167
ab0be1741d742eba,validation,2,https://creativecommons.org/licenses/by/2.0/,spiraltri3e,https://c3.staticflickr.com/7/6093/6226803498_55e288b244_o.jpg,https://www.flickr.com/photos/spiral/6226803498
abc1b2539b4bdaa7,validation,2,https://creativecommons.org/licenses/by/2.0/,Jon Connell,https://farm8.staticflickr.com/8247/8661497454_c68fb2f671_o.jpg,https://www.flickr.com/photos/ciamabue/8661497454
ac64309938699c5f,validation,1,https://creativecommons.org/licenses/by/2.0/,configmanager,https://c8.staticflickr.com/2/1151/4596938419_92188c2fb8_o.jpg,https://www.flickr.com/photos/configmanager/4596938419/
ae5c4286b18d8ed6,validation,1,https://creativecommons.org/licenses/by/2.0/,r_rajni,https://farm7.staticflickr.com/50/232589777_403dff126c_o.jpg,https://www.flickr.com/photos/71751754@N00/232589777
af71a48fe073a53c,validation,2,https://creativecommons.org/licenses/by/2.0/,Erick LEVASSEUR,https://c5.staticflickr.com/6/5577/15134034936_caf87a15d3_o.jpg,https://www.flickr.com/photos/ericklevasseur/15134034936
af930390e202a313,validation,1,https://creativecommons.org/licenses/by/2.0/,Ben Christenson,https://farm4.staticflickr.com/5068/5601737513_fce45be7a5_o.jpg,https://www.flickr.com/photos/benchristenson/5601737513/
b0130d2ec45bb2c9,validation,3,https://creativecommons.org/licenses/by/2.0/,Simmy&#x27;s Photography,https://c2.staticflickr.com/8/7273/7443048154_500cf6f252_o.jpg,https://www.flickr.com/photos/simmysphotos/7443048154
b3b3b0fda4faaeaf,validation,2,https://creativecommons.org/licenses/by/2.0/,Joe Bielawa,https://c8.staticflickr.com/9/8055/8446255618_74acd3a1c0_o.jpg,https://www.flickr.com/photos/joebielawa/8446255618
b609de889b406f73,validation,4,https://creativecommons.org/licenses/by/2.0/,Peace May Come To You,https://farm4.staticflickr.com/5109/5781753600_f2e0337b73_o.jpg,https://www.flickr.com/photos/travelandcharity/5781753600
b616d2befceab9a8,validation,5,https://creativecommons.org/licenses/by/2.0/,wam kat,https://c1.staticflickr.com/9/8327/8439871851_112524c939_o.jpg,https://www.flickr.com/photos/wamkat/8439871851
b8ce3d5463ee2434,validation,1,https://creativecommons.org/licenses/by/2.0/,Indi Samarajiva,https://farm5.staticflickr.com/121/302552777_0926f21c16_o.jpg,https://www.flickr.com/photos/indi/302552777
bb1d4f67c6188864,validation,2,https://creativecommons.org/licenses/by/2.0/,Jamil Razzaq,https://farm5.staticflickr.com/3831/12877254804_ccdcd91165_o.jpg,https://www.flickr.com/photos/39993437@N04/12877254804
bba7b3c966713383,validation,4,https://creativecommons.org/licenses/by/2.0/,Bernard Goldbach,https://farm4.staticflickr.com/104/265153852_8a0666b076_o.jpg,https://www.flickr.com/photos/topgold/265153852
c1a66fd0d64e5246,validation,1,https://creativecommons.org/licenses/by/2.0/,dominik18s,https://farm7.staticflickr.com/8042/8042237971_b5eb5bcbf8_o.jpg,https://www.flickr.com/photos/55571726@N05/8042237971
c310d709fbef6597,validation,1,https://creativecommons.org/licenses/by/2.0/,Jean,https://farm8.staticflickr.com/3244/2303756084_04e8789623_o.jpg,https://www.flickr.com/photos/7326810@N08/2303756084
c3955eabb2b204ee,validation,2,https://creativecommons.org/licenses/by/2.0/,barockschloss,https://c7.staticflickr.com/8/7140/7527917130_d13fc3cda3_o.jpg,https://www.flickr.com/photos/barockschloss/7527917130
c3d40b7732cc566b,validation,1,https://creativecommons.org/licenses/by/2.0/,Mirko Tobias Schäfer,https://c4.staticflickr.com/9/8677/16044171947_c61dca2058_o.jpg,https://www.flickr.com/photos/gastev/16044171947
c4675c9fec56c88a,validation,1,https://creativecommons.org/licenses/by/2.0/,Neil D&#x27;Cruze,https://c3.staticflickr.com/4/3453/3856672024_85b6eb8ce3_o.jpg,https://www.flickr.com/photos/neil_dcruze/3856672024
c688e4d09590ef96,validation,4,https://creativecommons.org/licenses/by/2.0/,Steve Shattuck,https://farm7.staticflickr.com/2582/3886049231_380f15e3b4_o.jpg,https://www.flickr.com/photos/steve_shattuck/3886049231
c870b7e2ce93541a,validation,1,https://creativecommons.org/licenses/by/2.0/,Edwin van Buuringen,https://c3.staticflickr.com/8/7114/7139631835_9c58b457dd_o.jpg,https://www.flickr.com/photos/edwinvanbuuringen/7139631835
cab0c3dcf204cc5f,validation,1,https://creativecommons.org/licenses/by/2.0/,Robert Ashworth,https://c8.staticflickr.com/4/3710/9141057198_7125180f1e_o.jpg,https://www.flickr.com/photos/theslowlane/9141057198
cea42081bea3bc7e,validation,1,https://creativecommons.org/licenses/by/2.0/,andy muir,https://c7.staticflickr.com/4/3440/3710624512_e9fbace916_o.jpg,https://www.flickr.com/photos/37589005@N04/3710624512
d6db7584e8734c0d,validation,2,https://creativecommons.org/licenses/by/2.0/,Jeena Paradies,https://c6.staticflickr.com/4/3804/19862502762_df260fce99_o.jpg,https://www.flickr.com/photos/jeena/19862502762
d95cb72e629f07dc,validation,2,https://creativecommons.org/licenses/by/2.0/,Larry Smith,https://c5.staticflickr.com/9/8809/16912754368_42f3e754ca_o.jpg,https://www.flickr.com/photos/lsmith2010/16912754368
da5c84078829adf0,validation,2,https://creativecommons.org/licenses/by/2.0/,Rusty Clark - On the Air M-F 8am-noon,https://farm1.staticflickr.com/5513/9652419997_d43dfaff3c_o.jpg,https://www.flickr.com/photos/rusty_clark/9652419997
de5598ae93af58ff,validation,1,https://creativecommons.org/licenses/by/2.0/,Paul Hudson,https://c8.staticflickr.com/6/5255/5513481741_cf8057e30d_o.jpg,https://www.flickr.com/photos/pahudson/5513481741
e14f9b3b1fec79ef,validation,2,https://creativecommons.org/licenses/by/2.0/,Menno Abbink,https://c8.staticflickr.com/5/4127/5036793880_1f2c7893bd_o.jpg,https://www.flickr.com/photos/7326811@N05/5036793880
e5531523af677311,validation,2,https://creativecommons.org/licenses/by/2.0/,Nick Jewell,https://farm2.staticflickr.com/4137/4945439938_61668601a5_o.jpg,https://www.flickr.com/photos/macjewell/4945439938
e8fa96ecb46f5346,validation,4,https://creativecommons.org/licenses/by/2.0/,David Lisbona,https://farm7.staticflickr.com/192/496538366_5a956a068f_o.jpg,https://www.flickr.com/photos/dlisbona/496538366
ea8a0541518ad2b4,validation,1,https://creativecommons.org/licenses/by/2.0/,Jackie,https://farm5.staticflickr.com/181/404038037_fbf9c5edee_o.jpg,https://www.flickr.com/photos/sis/404038037
ef37ee1ccb9ee712,validation,2,https://creativecommons.org/licenses/by/2.0/,Amila Tennakoon,https://farm3.staticflickr.com/7499/15143601834_50a42625ca_o.jpg,https://www.flickr.com/photos/lakpura/15143601834
f36578445371ad52,validation,1,https://creativecommons.org/licenses/by/2.0/,Emran Kassim,https://farm3.staticflickr.com/3633/3367354580_cb0b90bd1b_o.jpg,https://www.flickr.com/photos/emrank/3367354580
f47e4757122337f8,validation,2,https://creativecommons.org/licenses/by/2.0/,Verity Cridland,https://c1.staticflickr.com/4/3439/3727375186_0179e62007_o.jpg,https://www.flickr.com/photos/58789412@N00/3727375186
f7e2a754b421ed04,validation,8,https://creativecommons.org/licenses/by/2.0/,Garrison Reid,https://farm5.staticflickr.com/1196/4728074939_58af6968b8_o.jpg,https://www.flickr.com/photos/indieinterviews/4728074939
f89ff5d9886934c9,validation,1,https://creativecommons.org/licenses/by/2.0/,Ivars Dicpeteris,https://c2.staticflickr.com/3/2897/14421278848_a279a20d34_o.jpg,https://www.flickr.com/photos/124813408@N04/14421278848
fc1bfe886053765a,validation,2,https://creativecommons.org/licenses/by/2.0/,Joe Turco,https://c3.staticflickr.com/9/8352/8258269217_ed6896183d_o.jpg,https://www.flickr.com/photos/turcophotos/8258269217
fd49787466186fb1,validation,1,https://creativecommons.org/licenses/by/2.0/,Ethan Bloch,https://farm2.staticflickr.com/2259/1669621972_7d628fcb84_o.jpg,https://www.flickr.com/photos/suzymushu/1669621972
fd58a37fadbad38d,validation,2,https://creativecommons.org/licenses/by/2.0/,ShashiBellamkonda,https://c6.staticflickr.com/4/3114/2750735939_591250df87_o.jpg,https://www.flickr.com/photos/drbeachvacation/2750735939/
001341ae9926808d,test,2,https://creativecommons.org/licenses/by/2.0/,A.Davey,https://c6.staticflickr.com/3/2412/2249921758_4730f5e10f_o.jpg,https://www.flickr.com/photos/adavey/2249921758
00474165314cd9cf,test,2,https://creativecommons.org/licenses/by/2.0/,Sam Schmidt,https://c8.staticflickr.com/7/6196/6096200108_0b5de32da5_o.jpg,https://www.flickr.com/photos/samschmidt/6096200108
005589a94cadf725,test,2,https://creativecommons.org/licenses/by/2.0/,Anthony Letmon,https://farm6.staticflickr.com/165/393664770_1daf2407df_o.jpg,https://www.flickr.com/photos/anthonyletmon/393664770
02a5b41524b4ba4b,test,4,https://creativecommons.org/licenses/by/2.0/,Daisyree Bakker,https://c4.staticflickr.com/5/4037/4687812056_1cfe70090b_o.jpg,https://www.flickr.com/photos/27875041@N02/4687812056
02f3bbf1da724ef6,test,1,https://creativecommons.org/licenses/by/2.0/,kevin ryder,https://farm7.staticflickr.com/4089/4831419550_cff0cc2413_o.jpg,https://www.flickr.com/photos/labdog2010/4831419550
046ef288c50e35c9,test,4,https://creativecommons.org/licenses/by/2.0/,tommy japan,https://c2.staticflickr.com/6/5472/10849718464_aa162ae413_o.jpg,https://www.flickr.com/photos/97930879@N02/10849718464
04d9cced0dd42e6c,test,2,https://creativecommons.org/licenses/by/2.0/,Gabriel Sianturi,https://c5.staticflickr.com/6/5468/7181441994_6644511c43_o.jpg,https://www.flickr.com/photos/ombatak/7181441994
053ab9bcb0f05d96,test,4,https://creativecommons.org/licenses/by/2.0/,Jupiter Firelyte,https://farm7.staticflickr.com/8161/7269682240_1e630a764f_o.jpg,https://www.flickr.com/photos/jupiterfirelyte/7269682240/
0556311d37e3ebd9,test,1,https://creativecommons.org/licenses/by/2.0/,Dimitris,https://c2.staticflickr.com/1/95/231625363_cd5bfb8939_o.jpg,https://www.flickr.com/photos/dimis264/231625363/
05759ff84b21370d,test,2,https://creativecommons.org/licenses/by/2.0/,Michelle Silva,https://c6.staticflickr.com/8/7328/16202936719_eff0f6a7da_o.jpg,https://www.flickr.com/photos/michellecsilva/16202936719
089cef3acc866627,test,2,https://creativecommons.org/licenses/by/2.0/,Rob Oo,https://farm8.staticflickr.com/8652/16189272689_ea90930be9_o.jpg,https://www.flickr.com/photos/105105658@N03/16189272689
0a0224155926e572,test,2,https://creativecommons.org/licenses/by/2.0/,Russ Bowling,https://farm3.staticflickr.com/3125/2708726602_778efb994b_o.jpg,https://www.flickr.com/photos/robphoto/2708726602
0b2154403006f7ec,test,1,https://creativecommons.org/licenses/by/2.0/,Indi Samarajiva,https://c5.staticflickr.com/8/7096/7285490482_a0c67b2fa9_o.jpg,https://www.flickr.com/photos/indi/7285490482
0c805afd8718c328,test,1,https://creativecommons.org/licenses/by/2.0/,Nicolai Bangsgaard,https://c1.staticflickr.com/1/145/434810686_80893f3563_o.jpg,https://www.flickr.com/photos/martinamor/434810686
0d20be77c7bb4b7e,test,1,https://creativecommons.org/licenses/by/2.0/,LASZLO ILYES,https://c7.staticflickr.com/7/6173/6177720036_9ea876b794_o.jpg,https://www.flickr.com/photos/laszlo-photo/6177720036
0e153b5bb0303fb4,test,1,https://creativecommons.org/licenses/by/2.0/,Robert Sanzalone,https://farm5.staticflickr.com/4095/4855582013_bd72bb339b_o.jpg,https://www.flickr.com/photos/pacificit/4855582013
0e2004910f2bf847,test,2,https://creativecommons.org/licenses/by/2.0/,Tom Hilton,https://farm8.staticflickr.com/5252/5539302771_96832bdf64_o.jpg,https://www.flickr.com/photos/tomhilton/5539302771
0e4fe4175fe7025e,test,1,https://creativecommons.org/licenses/by/2.0/,Emmett Tullos,https://c7.staticflickr.com/1/74/159845627_f9bf317eb4_o.jpg,https://www.flickr.com/photos/emmett_ns_tullos/159845627
10a36a0e29c23c70,test,1,https://creativecommons.org/licenses/by/2.0/,Mt. Hood Territory,https://farm1.staticflickr.com/8082/8409026530_49d5b468e7_o.jpg,https://www.flickr.com/photos/mt_hood_territory/8409026530
141a89e2de02312b,test,3,https://creativecommons.org/licenses/by/2.0/,davharuk,https://c4.staticflickr.com/8/7429/9576759469_39754b7e26_o.jpg,https://www.flickr.com/photos/davharuk/9576759469
14c9fb317ba6b92c,test,2,https://creativecommons.org/licenses/by/2.0/,Cat Burston,https://c5.staticflickr.com/9/8600/16067285677_797437d049_o.jpg,https://www.flickr.com/photos/catt1788/16067285677
14e28b8ea5c59032,test,1,https://creativecommons.org/licenses/by/2.0/,Tim Sheerman-Chase,https://farm3.staticflickr.com/6186/6093109273_5ffff6315e_o.jpg,https://www.flickr.com/photos/tim_uk/6093109273
1506e28a14198d7a,test,4,https://creativecommons.org/licenses/by/2.0/,Sodanie Chea,https://c3.staticflickr.com/9/8513/8404296798_542dfbca21_o.jpg,https://www.flickr.com/photos/sodaniechea/8404296798
15ad1a8c516ebe5b,test,1,https://creativecommons.org/licenses/by/2.0/,Courtney &quot;Coco&quot; Mault,https://c4.staticflickr.com/7/6194/6121581967_9813fa57c7_o.jpg,https://www.flickr.com/photos/contusion/6121581967
16f99168b74cff1a,test,2,https://creativecommons.org/licenses/by/2.0/,William Gray,https://c3.staticflickr.com/6/5604/15623876791_6c06722d90_o.jpg,https://www.flickr.com/photos/wgray/15623876791/
177351a9b4f0356a,test,2,https://creativecommons.org/licenses/by/2.0/,Björn Láczay,https://c3.staticflickr.com/9/8176/7950790414_b067696741_o.jpg,https://www.flickr.com/photos/dustpuppy/7950790414
178df841a2e226af,test,11,https://creativecommons.org/licenses/by/2.0/,Kinneret Yifrah,https://c8.staticflickr.com/2/1350/1373242129_dbf04e98e6_o.jpg,https://www.flickr.com/photos/kinnerety/1373242129
179c191aac94cdc8,test,4,https://creativecommons.org/licenses/by/2.0/,David Wilson,https://c1.staticflickr.com/8/7027/6838255155_4d9b1ab3b5_o.jpg,https://www.flickr.com/photos/davidwilson1949/6838255155
181876da9730ac31,test,1,https://creativecommons.org/licenses/by/2.0/,Guillaume Baviere,https://farm2.staticflickr.com/8489/8171403312_63fb26193d_o.jpg,https://www.flickr.com/photos/84554176@N00/8171403312
1a04c4ed30eee935,test,2,https://creativecommons.org/licenses/by/2.0/,Bill Morrow,https://farm6.staticflickr.com/5575/14911970769_10323a8802_o.jpg,https://www.flickr.com/photos/billmorrow/14911970769
1b54f10c3b429a41,test,3,https://creativecommons.org/licenses/by/2.0/,bjoern,https://farm2.staticflickr.com/8505/8589444681_11f5ee9bdc_o.jpg,https://www.flickr.com/photos/bjoern/8589444681
1bfd365238e1fedd,test,2,https://creativecommons.org/licenses/by/2.0/,Dominic Alves,https://c6.staticflickr.com/6/5166/5323334659_38f0d89d64_o.jpg,https://www.flickr.com/photos/dominicspics/5323334659
1bff8f72211a9c0f,test,2,https://creativecommons.org/licenses/by/2.0/,Commodore Gandalf Cunningham,https://c8.staticflickr.com/6/5287/5295578998_e3cff7e07a_o.jpg,https://www.flickr.com/photos/gandalfcunningham/5295578998
1dde631324a6d329,test,2,https://creativecommons.org/licenses/by/2.0/,TheAnimalDay.org,https://c2.staticflickr.com/8/7065/7138548495_86204b9937_o.jpg,https://www.flickr.com/photos/theanimalday/7138548495
1ded8e6b919074f0,test,1,https://creativecommons.org/licenses/by/2.0/,Kyle MacKenzie,https://farm1.staticflickr.com/3378/3303076200_6c16982767_o.jpg,https://www.flickr.com/photos/kylemackenzie/3303076200
1e7524c76e9b6f7b,test,1,https://creativecommons.org/licenses/by/2.0/,Hanumann,https://c4.staticflickr.com/2/1251/4600324499_ff6bae15ec_o.jpg,https://www.flickr.com/photos/40883475@N00/4600324499
1e9be10cb23df23a,test,2,https://creativecommons.org/licenses/by/2.0/,David Berkowitz,https://c3.staticflickr.com/6/5110/5700300142_97c5a5ab5b_o.jpg,https://www.flickr.com/photos/davidberkowitz/5700300142
1f286c4bb30960f5,test,2,https://creativecommons.org/licenses/by/2.0/,ckramer,https://farm6.staticflickr.com/2472/3981552153_5f0b21b71f_o.jpg,https://www.flickr.com/photos/ckramer/3981552153
1fe7a99c23f64885,test,6,https://creativecommons.org/licenses/by/2.0/,Rebecca Siegel,https://farm6.staticflickr.com/2603/3808763915_2dced9af37_o.jpg,https://www.flickr.com/photos/grongar/3808763915/
203b7cfdabfc70f8,test,9,https://creativecommons.org/licenses/by/2.0/,Don DeBold,https://c1.staticflickr.com/4/3633/3628060751_d131f2e385_o.jpg,https://www.flickr.com/photos/ddebold/3628060751
210734f80256d6a4,test,2,https://creativecommons.org/licenses/by/2.0/,Arran Moffat,https://farm5.staticflickr.com/5089/5204651805_8ff9a66109_o.jpg,https://www.flickr.com/photos/arran_moffat/5204651805
220effd28096ff0f,test,2,https://creativecommons.org/licenses/by/2.0/,L Church,https://c8.staticflickr.com/4/3110/2748238529_2e0cab2bd9_o.jpg,https://www.flickr.com/photos/29412527@N04/2748238529
2259b0bda0cb792e,test,1,https://creativecommons.org/licenses/by/2.0/,Corey Theiss,https://c7.staticflickr.com/1/16/21098303_8ac971884f_o.jpg,https://www.flickr.com/photos/ctheiss/21098303
23957626ccae0c1d,test,1,https://creativecommons.org/licenses/by/2.0/,Erik Söderström,https://c6.staticflickr.com/4/3485/3817233859_d8dbedeb99_o.jpg,https://www.flickr.com/photos/mescon/3817233859
2400a8b66e63b90d,test,2,https://creativecommons.org/licenses/by/2.0/,certified su,https://c6.staticflickr.com/4/3282/3023937784_3514489872_o.jpg,https://www.flickr.com/photos/certified_su/3023937784
240d2e0a9b4cc7b0,test,1,https://creativecommons.org/licenses/by/2.0/,A.Poulos (Iya),https://farm1.staticflickr.com/3172/2857685144_06935310a3_o.jpg,https://www.flickr.com/photos/24918962@N07/2857685144
245458df2777df9d,test,1,https://creativecommons.org/licenses/by/2.0/,diosthenese,https://c6.staticflickr.com/3/2113/2401530552_d6455e9f64_o.jpg,https://www.flickr.com/photos/25048019@N03/2401530552
249c7ead57a65640,test,1,https://creativecommons.org/licenses/by/2.0/,Theodore Scott,https://farm1.staticflickr.com/3106/3123769946_f5a21d262a_o.jpg,https://www.flickr.com/photos/theodorescott/3123769946
24ef2da760e32fb2,test,2,https://creativecommons.org/licenses/by/2.0/,Luca Venturelli,https://farm3.staticflickr.com/155/346444608_50468bf091_o.jpg,https://www.flickr.com/photos/luca-cristina/346444608
25a0c0e84422bae2,test,5,https://creativecommons.org/licenses/by/2.0/,U.S. Department of Agriculture,https://farm3.staticflickr.com/8503/8433750688_d85735e0a3_o.jpg,https://www.flickr.com/photos/usdagov/8433750688
268a3df339dfc79f,test,1,https://creativecommons.org/licenses/by/2.0/,Rusty Clark - On the Air M-F 8am-noon,https://c8.staticflickr.com/3/2864/9652415455_cd7da9c704_o.jpg,https://www.flickr.com/photos/rusty_clark/9652415455
2732237e2db1b12e,test,2,https://creativecommons.org/licenses/by/2.0/,Bureau of Land Management Alaska,https://c7.staticflickr.com/1/479/20358907205_f36c9034cf_o.jpg,https://www.flickr.com/photos/blmalaska/20358907205
27da2fd0e1483088,test,2,https://creativecommons.org/licenses/by/2.0/,Nicolai Bangsgaard,https://c1.staticflickr.com/1/180/443126505_b63c0240f6_o.jpg,https://www.flickr.com/photos/martinamor/443126505
27f6112d6d25196d,test,1,https://creativecommons.org/licenses/by/2.0/,Brian Gratwicke,https://c6.staticflickr.com/9/8303/7848258448_d5e29a2485_o.jpg,https://www.flickr.com/photos/briangratwicke/7848258448
284c4d158b331f31,test,2,https://creativecommons.org/licenses/by/2.0/,Dave Hoover,https://farm2.staticflickr.com/7012/6836084623_d239ceac4f_o.jpg,https://www.flickr.com/photos/redsquirrel/6836084623
28c76d0a7af641d1,test,2,https://creativecommons.org/licenses/by/2.0/,Patrick,https://farm2.staticflickr.com/4098/4895804098_3716086f30_o.jpg,https://www.flickr.com/photos/pdbreen/4895804098
28cb18ee740dffc8,test,2,https://creativecommons.org/licenses/by/2.0/,Christian Van Der Henst S.,https://c1.staticflickr.com/1/16/23441421_ed47dd7226_o.jpg,https://www.flickr.com/photos/cvander/23441421
2944d6e19c7dbe19,test,1,https://creativecommons.org/licenses/by/2.0/,jeffschuler,https://c2.staticflickr.com/1/249/446648075_62a052905b_o.jpg,https://www.flickr.com/photos/jeffschuler/446648075
29dc47138fedf7e8,test,2,https://creativecommons.org/licenses/by/2.0/,Steve Glasgow,https://c1.staticflickr.com/6/5095/5545210329_e5536ec6b9_o.jpg,https://www.flickr.com/photos/steveglasgow/5545210329
2e548b13352f4127,test,4,https://creativecommons.org/licenses/by/2.0/,Rodolfo Magalhaes,https://farm8.staticflickr.com/3185/2327643549_9756d22b54_o.jpg,https://www.flickr.com/photos/rodolfomagalhaes/2327643549
2e8e13102c8483e2,test,1,https://creativecommons.org/licenses/by/2.0/,Börkur Sigurbjörnsson,https://farm3.staticflickr.com/2326/2078095833_9c1f58502e_o.jpg,https://www.flickr.com/photos/borkurdotnet/2078095833
2ef8117c2042c5c3,test,1,https://creativecommons.org/licenses/by/2.0/,Joe Bielawa,https://farm4.staticflickr.com/2572/3921985558_d16bc9ce53_o.jpg,https://www.flickr.com/photos/joebielawa/3921985558
2fa4d728947841cd,test,1,https://creativecommons.org/licenses/by/2.0/,RikkisRefuge Other,https://c6.staticflickr.com/8/7652/16598088979_2bd20c6dd2_o.jpg,https://www.flickr.com/photos/rikkisrefugeother/16598088979
307e507a1827d301,test,1,https://creativecommons.org/licenses/by/2.0/,Dave Hogg,https://farm2.staticflickr.com/195/459516886_0d5300c057_o.jpg,https://www.flickr.com/photos/davehogg/459516886
30d58f7a4d6f0943,test,2,https://creativecommons.org/licenses/by/2.0/,Charles D P Miller,https://farm4.staticflickr.com/5304/5607710380_617485d37d_o.jpg,https://www.flickr.com/photos/cdpm/5607710380
30e9866cddac9ab1,test,8,https://creativecommons.org/licenses/by/2.0/,Caleb Johnson,https://farm2.staticflickr.com/8714/16458029304_49f9d0c7af_o.jpg,https://www.flickr.com/photos/calebleejohnson/16458029304
30ebbfac77011c7f,test,2,https://creativecommons.org/licenses/by/2.0/,andy carter,https://c8.staticflickr.com/4/3213/2541202009_5809e058de_o.jpg,https://www.flickr.com/photos/salsaboy/2541202009
3120dc28effd89b7,test,1,https://creativecommons.org/licenses/by/2.0/,Travis Wise,https://farm8.staticflickr.com/8678/16293849211_bb63de4f2b_o.jpg,https://www.flickr.com/photos/photographingtravis/16293849211/
31704c4bf3f82eae,test,2,https://creativecommons.org/licenses/by/2.0/,Afifi Abdul Latiff,https://c7.staticflickr.com/9/8480/8192577793_f70b61f960_o.jpg,https://www.flickr.com/photos/fotocentesis/8192577793
31c66704f5623e96,test,2,https://creativecommons.org/licenses/by/2.0/,The U.S. Army,https://farm7.staticflickr.com/2239/2175452557_fefa53fc21_o.jpg,https://www.flickr.com/photos/soldiersmediacenter/2175452557
33fc9f0f76aeff22,test,2,https://creativecommons.org/licenses/by/2.0/,Manu Manohar,https://farm3.staticflickr.com/5125/5366082001_9b1e143493_o.jpg,https://www.flickr.com/photos/memyselfmanu/5366082001
347c40ab10051661,test,1,https://creativecommons.org/licenses/by/2.0/,Madhav Pai,https://farm2.staticflickr.com/94/249385551_91a0a7a04d_o.jpg,https://www.flickr.com/photos/madpai/249385551
36296aefe846a82e,test,1,https://creativecommons.org/licenses/by/2.0/,Nicolai Bangsgaard,https://c7.staticflickr.com/1/102/289291647_4ec56fa2b0_o.jpg,https://www.flickr.com/photos/martinamor/289291647
36b9526376fece8a,test,1,https://creativecommons.org/licenses/by/2.0/,ayako miyazaki,https://c3.staticflickr.com/4/3889/14755292097_81d2d5db1c_o.jpg,https://www.flickr.com/photos/sdfg/14755292097
39969240ced50cbe,test,1,https://creativecommons.org/licenses/by/2.0/,Michael Eisenriegler,https://c7.staticflickr.com/6/5003/5348644330_8381b94b80_o.jpg,https://www.flickr.com/photos/mikeemesser/5348644330
3c2848073370c6ac,test,2,https://creativecommons.org/licenses/by/2.0/,Eran Sandler,https://c5.staticflickr.com/1/107/284516989_2b49eb0dc9_o.jpg,https://www.flickr.com/photos/ogimogi/284516989
3ccbdb60e4baab56,test,1,https://creativecommons.org/licenses/by/2.0/,Richard Allen,https://farm7.staticflickr.com/2886/9368120676_4eda9366f6_o.jpg,https://www.flickr.com/photos/richmal/9368120676
3d20ed4e0a748d00,test,2,https://creativecommons.org/licenses/by/2.0/,oldscratchmax,https://farm1.staticflickr.com/3544/3863030766_0c799fa4c7_o.jpg,https://www.flickr.com/photos/29986007@N08/3863030766
3d92cd804b358a74,test,1,https://creativecommons.org/licenses/by/2.0/,Steven Jackson,https://farm5.staticflickr.com/1095/4726210490_d68b88119d_o.jpg,https://www.flickr.com/photos/jackson3/4726210490
3d9fbba086653aa5,test,1,https://creativecommons.org/licenses/by/2.0/,Tiago Lima,https://farm6.staticflickr.com/7239/7162731619_c5dcb7b2ac_o.jpg,https://www.flickr.com/photos/tclima/7162731619
3db95cac5723dcf1,test,1,https://creativecommons.org/licenses/by/2.0/,Gwydion M. Williams,https://farm2.staticflickr.com/4080/4735292783_c8f54fa069_o.jpg,https://www.flickr.com/photos/45909111@N00/4735292783
3e37fdef983faef3,test,7,https://creativecommons.org/licenses/by/2.0/,Brian Jeffery Beggerly,https://farm4.staticflickr.com/4127/5211358413_206e98d3a0_o.jpg,https://www.flickr.com/photos/beggs/5211358413
3e7d4f598d539875,test,1,https://creativecommons.org/licenses/by/2.0/,jeffschuler,https://farm6.staticflickr.com/240/446648111_1a83af163c_o.jpg,https://www.flickr.com/photos/jeffschuler/446648111
3ebecb5d7dd0dc1d,test,1,https://creativecommons.org/licenses/by/2.0/,Grant Peters,https://c6.staticflickr.com/8/7222/6886901932_b07b68fa54_o.jpg,https://www.flickr.com/photos/grantpetersphotography/6886901932
3ef83fdb8602626c,test,2,https://creativecommons.org/licenses/by/2.0/,Pedro Plassen Lopes,https://c5.staticflickr.com/1/30/50560947_179a4c1c45_o.jpg,https://www.flickr.com/photos/plassen/50560947
3f1b7e433c499500,test,2,https://creativecommons.org/licenses/by/2.0/,Jon Roig,https://farm1.staticflickr.com/6137/5933282845_7d87dc754c_o.jpg,https://www.flickr.com/photos/runnr_az/5933282845
3f48de9fc0ac6c7c,test,1,https://creativecommons.org/licenses/by/2.0/,Mario Carvajal,https://c5.staticflickr.com/4/3195/3101255805_a5ddf8d1a4_o.jpg,https://www.flickr.com/photos/mario_carvajal/3101255805
3fcd6ed1c3cf2d9b,test,1,https://creativecommons.org/licenses/by/2.0/,Jan Ramroth,https://c4.staticflickr.com/2/1189/1285850722_263d985752_o.jpg,https://www.flickr.com/photos/janramroth/1285850722
3fe1cc342fbea9c6,test,1,https://creativecommons.org/licenses/by/2.0/,David DeHetre,https://farm7.staticflickr.com/4056/4463070273_0914ee4a90_o.jpg,https://www.flickr.com/photos/davedehetre/4463070273
40cb6009487b11fd,test,4,https://creativecommons.org/licenses/by/2.0/,Thomas Bresson,https://c6.staticflickr.com/7/6131/6001137799_e7a0537ba2_o.jpg,https://www.flickr.com/photos/computerhotline/6001137799
41030c5ad4da8e32,test,1,https://creativecommons.org/licenses/by/2.0/,Tilly Blye,https://farm3.staticflickr.com/1/524253_561e12a565_o.jpg,https://www.flickr.com/photos/tillyblye/524253
4364d63e316e6ae5,test,1,https://creativecommons.org/licenses/by/2.0/,Ian....See,https://farm6.staticflickr.com/3178/4562475903_875fb96231_o.jpg,https://www.flickr.com/photos/colstie/4562475903
454b63eed80cdea5,test,1,https://creativecommons.org/licenses/by/2.0/,Doug Wertman,https://farm6.staticflickr.com/7677/17031153440_d217d983a9_o.jpg,https://www.flickr.com/photos/nanoprobe67/17031153440
4551449356e928d5,test,4,https://creativecommons.org/licenses/by/2.0/,Bart van Dorp,https://farm6.staticflickr.com/7644/16933747419_4d862001ee_o.jpg,https://www.flickr.com/photos/bartvandorp/16933747419
45b3eb40d95f2e81,test,3,https://creativecommons.org/licenses/by/2.0/,Aaron Muszalski,https://farm2.staticflickr.com/33/57327111_8b3bf3d6db_o.jpg,https://www.flickr.com/photos/sfslim/57327111
45b88fb978d91d15,test,2,https://creativecommons.org/licenses/by/2.0/,Xavier,https://farm6.staticflickr.com/8525/8667564667_683386f269_o.jpg,https://www.flickr.com/photos/93319057@N07/8667564667
46caf66f26dbca3d,test,1,https://creativecommons.org/licenses/by/2.0/,Erik Charlton,https://c6.staticflickr.com/4/3016/5851835830_17cf83dc33_o.jpg,https://www.flickr.com/photos/erikcharlton/5851835830
471337eb334dd3d0,test,1,https://creativecommons.org/licenses/by/2.0/,Christopher Selac,https://farm1.staticflickr.com/4085/5192631532_5c0379dc08_o.jpg,https://www.flickr.com/photos/christopher_selac/5192631532
47f2df417e10dd7f,test,1,https://creativecommons.org/licenses/by/2.0/,Paul Asman and Jill Lenoble,https://c8.staticflickr.com/5/4122/4806522982_85127b4b60_o.jpg,https://www.flickr.com/photos/pauljill/4806522982
48d6d688e5010246,test,1,https://creativecommons.org/licenses/by/2.0/,Ford Buchanan,https://farm7.staticflickr.com/5504/9718770943_6dcd0160e9_o.jpg,https://www.flickr.com/photos/fordbuchanan/9718770943
495161382befbbcb,test,1,https://creativecommons.org/licenses/by/2.0/,TKnoxB,https://c4.staticflickr.com/1/47/116769390_81ccf37803_o.jpg,https://www.flickr.com/photos/tkb/116769390
4962341a34680e59,test,2,https://creativecommons.org/licenses/by/2.0/,Roderick Eime,https://c2.staticflickr.com/9/8594/16616765425_aefcabf9cf_o.jpg,https://www.flickr.com/photos/rodeime/16616765425
4a426770f515d6a2,test,1,https://creativecommons.org/licenses/by/2.0/,gehwissenlos,https://farm3.staticflickr.com/303/19581017933_750c7a9f62_o.jpg,https://www.flickr.com/photos/gehwissenlos/19581017933
4aed7e60e6578bbd,test,1,https://creativecommons.org/licenses/by/2.0/,Jenny Mealing,https://c6.staticflickr.com/1/47/129166771_802425d128_o.jpg,https://www.flickr.com/photos/jennifrog/129166771
4b4e13563b6e6af0,test,5,https://creativecommons.org/licenses/by/2.0/,Mr Thinktank,https://farm1.staticflickr.com/4015/4695001339_d2dbbc8218_o.jpg,https://www.flickr.com/photos/tahini/4695001339
4baf8cd98faba289,test,2,https://creativecommons.org/licenses/by/2.0/,trialsanderrors,https://c2.staticflickr.com/4/3002/2814274154_34ef102d6e_o.jpg,https://www.flickr.com/photos/trialsanderrors/2814274154
4c1b97ed3b07be7e,test,1,https://creativecommons.org/licenses/by/2.0/,Monica Arellano-Ongpin,https://c7.staticflickr.com/4/3273/2613278180_51507b7fab_o.jpg,https://www.flickr.com/photos/maong/2613278180
4c49b7869de54d32,test,1,https://creativecommons.org/licenses/by/2.0/,MIke Kline,https://farm3.staticflickr.com/2255/2300313090_646c08a9bf_o.jpg,https://www.flickr.com/photos/mikekline/2300313090
4cc5986403f5d736,test,1,https://creativecommons.org/licenses/by/2.0/,USFWS Mountain-Prairie,https://farm7.staticflickr.com/7497/15992722212_f47bd9b216_o.jpg,https://www.flickr.com/photos/usfwsmtnprairie/15992722212
4d211ac255f269a6,test,2,https://creativecommons.org/licenses/by/2.0/,Alberto Cabello,https://farm7.staticflickr.com/4143/4941269982_b45a08dc65_o.jpg,https://www.flickr.com/photos/pixelillo/4941269982
4e30f75839fae913,test,2,https://creativecommons.org/licenses/by/2.0/,flikr,https://farm4.staticflickr.com/58/230381323_b93f25cb81_o.jpg,https://www.flickr.com/photos/flikr/230381323
4e4385fd5c7b37eb,test,2,https://creativecommons.org/licenses/by/2.0/,Arian Zwegers,https://c4.staticflickr.com/8/7528/15842044051_2aa44996b2_o.jpg,https://www.flickr.com/photos/azwegers/15842044051
4f217eee30c07d91,test,2,https://creativecommons.org/licenses/by/2.0/,agriflanders,https://farm2.staticflickr.com/7445/16401119151_67339ce948_o.jpg,https://www.flickr.com/photos/agriflanders/16401119151
4f25c5dd6bd91d1b,test,1,https://creativecommons.org/licenses/by/2.0/,Courtney McCutchen,https://c4.staticflickr.com/9/8529/8472061340_a79c3a0ccf_o.jpg,https://www.flickr.com/photos/san-angelo-insurance/8472061340
505ccff90e56cdf6,test,1,https://creativecommons.org/licenses/by/2.0/,Jason Crotty,https://farm7.staticflickr.com/6232/6357120985_1f09d011a3_o.jpg,https://www.flickr.com/photos/46789814@N05/6357120985
5090acd79151e5d2,test,1,https://creativecommons.org/licenses/by/2.0/,Travis,https://farm3.staticflickr.com/7274/7525663416_2af201c630_o.jpg,https://www.flickr.com/photos/variationblogr/7525663416
513a11ee2d82e5d0,test,1,https://creativecommons.org/licenses/by/2.0/,A.Davey,https://farm1.staticflickr.com/2014/2249136597_6da9dde225_o.jpg,https://www.flickr.com/photos/adavey/2249136597
51b1d473e22baa22,test,2,https://creativecommons.org/licenses/by/2.0/,Roman Boed,https://farm3.staticflickr.com/8072/8367624711_00ea4d83ed_o.jpg,https://www.flickr.com/photos/romanboed/8367624711
52772cb60ec8b604,test,1,https://creativecommons.org/licenses/by/2.0/,Xin Mei,https://farm5.staticflickr.com/3082/2851534747_275baf6508_o.jpg,https://www.flickr.com/photos/metaxin/2851534747
52c1444f43fb1fdc,test,2,https://creativecommons.org/licenses/by/2.0/,Paul Schulze,https://c5.staticflickr.com/8/7314/11755957043_b3222efbcb_o.jpg,https://www.flickr.com/photos/107649732@N02/11755957043
535e2ee3a70f19ca,test,2,https://creativecommons.org/licenses/by/2.0/,amateur photography by michel,https://c3.staticflickr.com/8/7491/15953461160_f9bf362b50_o.jpg,https://www.flickr.com/photos/119886413@N05/15953461160
5365fdeefa3bb8a0,test,2,https://creativecommons.org/licenses/by/2.0/,Steven Parker,https://farm1.staticflickr.com/45/167637580_0a5c7eef1f_o.jpg,https://www.flickr.com/photos/stevenraymondparker/167637580
53af58f3d39c9a7c,test,1,https://creativecommons.org/licenses/by/2.0/,naeem mayet,https://c5.staticflickr.com/6/5073/13878398664_93e2b5cb4f_o.jpg,https://www.flickr.com/photos/naeemcoza/13878398664
53c30690c8a57783,test,1,https://creativecommons.org/licenses/by/2.0/,Richie Diesterheft,https://farm4.staticflickr.com/3308/3648789372_9887929346_o.jpg,https://www.flickr.com/photos/puroticorico/3648789372
54c8cfbca2fcaba1,test,4,https://creativecommons.org/licenses/by/2.0/,fidber,https://farm2.staticflickr.com/2191/12965718105_e328d12600_o.jpg,https://www.flickr.com/photos/metay/12965718105
54d1938b52d58f5d,test,2,https://creativecommons.org/licenses/by/2.0/,Polgooth Inn,https://c6.staticflickr.com/7/6191/6055977578_8a03c361ef_o.jpg,https://www.flickr.com/photos/polgoothinn/6055977578
551c13595d987201,test,3,https://creativecommons.org/licenses/by/2.0/,Marco Raaphorst,https://farm2.staticflickr.com/2862/9697636869_56ce74a16d_o.jpg,https://www.flickr.com/photos/raaphorst/9697636869
553a103ab71e5ae0,test,1,https://creativecommons.org/licenses/by/2.0/,Ben Aston,https://farm1.staticflickr.com/1241/1419396617_90c669d37d_o.jpg,https://www.flickr.com/58085844@N00/1419396617/
5543c8154cad5b80,test,1,https://creativecommons.org/licenses/by/2.0/,Pratik Kadam,https://farm1.staticflickr.com/503/18457898771_f762da80b2_o.jpg,https://www.flickr.com/photos/pratikpower/18457898771
55d61e29399b8f73,test,1,https://creativecommons.org/licenses/by/2.0/,Edinburgh Blog,https://farm4.staticflickr.com/66/164902169_7d34ce1cab_o.jpg,https://www.flickr.com/photos/theedinburghblog/164902169
56107dc511048e9a,test,2,https://creativecommons.org/licenses/by/2.0/,Vectorportal,https://c3.staticflickr.com/9/8265/8692957694_c8504dca0c_o.jpg,https://www.flickr.com/photos/vectorportal/8692957694
5648bde7fdfd9766,test,2,https://creativecommons.org/licenses/by/2.0/,Caroline,https://farm7.staticflickr.com/6056/6346310455_47a8cb3d2a_o.jpg,https://www.flickr.com/photos/hills_alive/6346310455
56532d6cffe0c917,test,2,https://creativecommons.org/licenses/by/2.0/,Kyle Taylor,https://farm8.staticflickr.com/5022/5776601748_084c5659ab_o.jpg,https://www.flickr.com/photos/kyletaylor/5776601748
571b5eecff5600dc,test,6,https://creativecommons.org/licenses/by/2.0/,Jacob Bøtter,https://c5.staticflickr.com/1/21/27790888_d2d87995a4_o.jpg,https://www.flickr.com/photos/jakecaptive/27790888
57f06d0f4217e496,test,2,https://creativecommons.org/licenses/by/2.0/,"Turol Jones, un artista de cojones",https://farm7.staticflickr.com/5556/14937534322_601d07c376_o.jpg,https://www.flickr.com/photos/10352740@N03/14937534322
5810024768221bb4,test,1,https://creativecommons.org/licenses/by/2.0/,Hey Paul Studios,https://farm5.staticflickr.com/5096/5481758199_435806a0e2_o.jpg,https://www.flickr.com/photos/hey__paul/5481758199
58163a9942a9d221,test,1,https://creativecommons.org/licenses/by/2.0/,CHRIS DRUMM,https://farm2.staticflickr.com/7083/7388643478_1a07a0181f_o.jpg,https://www.flickr.com/photos/cdrummbks/7388643478
591f0f9c5c0dade6,test,2,https://creativecommons.org/licenses/by/2.0/,Erik Charlton,https://farm7.staticflickr.com/3676/19479371239_720427189f_o.jpg,https://www.flickr.com/photos/erikcharlton/19479371239
5b037fc9857cae49,test,1,https://creativecommons.org/licenses/by/2.0/,Alagoas Colaborativo,https://c2.staticflickr.com/5/4049/5129790503_f935f937dd_o.jpg,https://www.flickr.com/photos/alagoascolaborativo/5129790503
5b3b6b3de18f6726,test,6,https://creativecommons.org/licenses/by/2.0/,khaled  abdelmoumen,https://farm7.staticflickr.com/3288/2716708841_bd5bcacc01_o.jpg,https://www.flickr.com/photos/rais58/2716708841
5ba9cb0d0289bc9c,test,3,https://creativecommons.org/licenses/by/2.0/,Jean-Pierre Dalbéra,https://c5.staticflickr.com/7/6202/6081009992_40c7cfd7e2_o.jpg,https://www.flickr.com/photos/dalbera/6081009992
5bd9deffc58921be,test,1,https://creativecommons.org/licenses/by/2.0/,Vladimir Terán Altamirano,https://c7.staticflickr.com/9/8338/8250613681_daf1625dc6_o.jpg,https://www.flickr.com/photos/vladimirteran/8250613681
5cd75133d345dac5,test,3,https://creativecommons.org/licenses/by/2.0/,Brian Gratwicke,https://farm6.staticflickr.com/3410/3596848274_6a2b11064a_o.jpg,https://www.flickr.com/photos/briangratwicke/3596848274
5eb01f9bdae4a5d3,test,2,https://creativecommons.org/licenses/by/2.0/,ktarbox,https://farm4.staticflickr.com/28/62113024_1b16bec9d5_o.jpg,https://www.flickr.com/photos/31685690@N00/62113024
5f194dcab48ac715,test,6,https://creativecommons.org/licenses/by/2.0/,antony griffiths,https://farm6.staticflickr.com/7011/6818389937_bac23c8814_o.jpg,https://www.flickr.com/photos/antonygriffiths/6818389937
5fd9eddcfc084859,test,3,https://creativecommons.org/licenses/by/2.0/,zenjiro,https://c2.staticflickr.com/7/6017/5968422501_78f8556d51_o.jpg,https://www.flickr.com/photos/zenjiro/5968422501
601b6b630cd4d90f,test,1,https://creativecommons.org/licenses/by/2.0/,Victor,https://c8.staticflickr.com/6/5828/21348381753_c841b75d59_o.jpg,https://www.flickr.com/photos/v1ctor/21348381753
607c31e91bbcbd55,test,1,https://creativecommons.org/licenses/by/2.0/,dany13,https://farm6.staticflickr.com/8789/17634150952_b79fec51e6_o.jpg,https://www.flickr.com/photos/dany13/17634150952
628c2b7421525cd2,test,1,https://creativecommons.org/licenses/by/2.0/,Guzmán Lozano,https://farm3.staticflickr.com/2439/5713653823_a6940dfb57_o.jpg,https://www.flickr.com/photos/pictfactory/5713653823
635934d669e4a31f,test,1,https://creativecommons.org/licenses/by/2.0/,Geoffrey Rhodes,https://c8.staticflickr.com/8/7435/10641783066_b5b556aabc_o.jpg,https://www.flickr.com/photos/20940650@N07/10641783066
63b4de1130a1ce25,test,5,https://creativecommons.org/licenses/by/2.0/,Ed Webster,https://farm6.staticflickr.com/8423/7876258504_0a1af6bccc_o.jpg,https://www.flickr.com/photos/ed_webster/7876258504
6406e3baa385fad3,test,2,https://creativecommons.org/licenses/by/2.0/,Vladimir Terán Altamirano,https://farm4.staticflickr.com/8346/8190309332_c6ed98ec3a_o.jpg,https://www.flickr.com/photos/vladimirteran/8190309332
643de553bdb1b209,test,2,https://creativecommons.org/licenses/by/2.0/,Susan,https://c2.staticflickr.com/9/8450/8032479434_ce5c0dfa03_o.jpg,https://www.flickr.com/photos/susan_montgomery/8032479434/
6446325073d9c356,test,2,https://creativecommons.org/licenses/by/2.0/,kevincure,https://farm7.staticflickr.com/3023/2893441048_2a71c6aa19_o.jpg,https://www.flickr.com/photos/kevincure/2893441048
647c66d2aab6467f,test,2,https://creativecommons.org/licenses/by/2.0/,Mike Tungate,https://c8.staticflickr.com/3/2746/4465890825_2310a75707_o.jpg,https://www.flickr.com/photos/mtungate/4465890825
64b0e4fb38df21b8,test,2,https://creativecommons.org/licenses/by/2.0/,*pascal*,https://c1.staticflickr.com/1/113/295464206_0bd4618e0b_o.jpg,https://www.flickr.com/photos/pascal-blachier/295464206
6581250accb252b5,test,2,https://creativecommons.org/licenses/by/2.0/,Rob and Stephanie Levy,https://farm6.staticflickr.com/2369/2245604763_a931137d72_o.jpg,https://www.flickr.com/photos/robandstephanielevy/2245604763
6582ec2c7ed1361a,test,2,https://creativecommons.org/licenses/by/2.0/,Poster Boy,https://c3.staticflickr.com/7/6210/6153529783_5427138d59_o.jpg,https://www.flickr.com/photos/posterboynyc/6153529783
67cb4d8750ad13a3,test,1,https://creativecommons.org/licenses/by/2.0/,Benjamin Vander Steen,https://farm4.staticflickr.com/8686/16279703003_600cff837a_o.jpg,https://www.flickr.com/photos/bjvs/16279703003
6800bfecec8b98d8,test,2,https://creativecommons.org/licenses/by/2.0/,Camera Eye,https://c1.staticflickr.com/2/1100/1363315654_9a1b66a334_o.jpg,https://www.flickr.com/photos/71925103@N00/1363315654
680597fc57d29159,test,6,https://creativecommons.org/licenses/by/2.0/,Jerome Bon,https://c2.staticflickr.com/4/3044/3053044387_0138dc1a6d_o.jpg,https://www.flickr.com/photos/girolame/3053044387
6870ab795f3fb742,test,8,https://creativecommons.org/licenses/by/2.0/,gwaar,https://farm3.staticflickr.com/4059/4591587153_82a6d8f834_o.jpg,https://www.flickr.com/photos/paulsynnott/4591587153
6944532c45b779a4,test,1,https://creativecommons.org/licenses/by/2.0/,Rosana Prada,https://farm5.staticflickr.com/2019/2374026133_033cd28923_o.jpg,https://www.flickr.com/photos/zanastardust/2374026133
69ba5e35347bd4ee,test,1,https://creativecommons.org/licenses/by/2.0/,A.K.M Monjurul Hoque Topu,https://c7.staticflickr.com/3/2360/4515074648_51ac61e7c8_o.jpg,https://www.flickr.com/photos/monjurulhoque/4515074648
6b792f8539a62e67,test,2,https://creativecommons.org/licenses/by/2.0/,Matt,https://farm8.staticflickr.com/4088/4947490718_ffcb286033_o.jpg,https://www.flickr.com/photos/corndog_au/4947490718
6cb72b8ac80c1206,test,2,https://creativecommons.org/licenses/by/2.0/,Ann,https://farm7.staticflickr.com/7573/15689825707_bf4b49ef55_o.jpg,https://www.flickr.com/photos/picturesbyann/15689825707
6cf42e1eff41dd3d,test,1,https://creativecommons.org/licenses/by/2.0/,www.tommasosanguigni.it,https://c6.staticflickr.com/4/3312/3519451600_cee329a432_o.jpg,https://www.flickr.com/photos/38313855@N08/3519451600
6cfa77fb7c882b37,test,1,https://creativecommons.org/licenses/by/2.0/,Yasser Alghofily,https://farm8.staticflickr.com/2628/3774323199_deafd211d5_o.jpg,https://www.flickr.com/photos/4yas/3774323199
6e7fbb17c2aeadbb,test,4,https://creativecommons.org/licenses/by/2.0/,Evonne,https://c4.staticflickr.com/8/7351/9140498664_871196dc69_o.jpg,https://www.flickr.com/photos/evoo73/9140498664
6f6a3502764f8ca2,test,1,https://creativecommons.org/licenses/by/2.0/,johnc24,https://farm3.staticflickr.com/3155/3039673804_f5f83d3d8c_o.jpg,https://www.flickr.com/photos/johnc24/3039673804
7080a0e4bcf2c84a,test,1,https://creativecommons.org/licenses/by/2.0/,Bridget H,https://c3.staticflickr.com/3/2554/4136895709_fc4d01ef80_o.jpg,https://www.flickr.com/photos/skutchb/4136895709
710113a2a417da97,test,2,https://creativecommons.org/licenses/by/2.0/,John Carney,https://farm8.staticflickr.com/51/137977093_ee44096c6d_o.jpg,https://www.flickr.com/photos/johncarney/137977093
71cde9c771a2aabb,test,2,https://creativecommons.org/licenses/by/2.0/,&quot;G&quot; jewels g is for grandma,https://c4.staticflickr.com/3/2254/2540680618_4464df4665_o.jpg,https://www.flickr.com/photos/g_jewels/2540680618/
7288658d14747a5d,test,1,https://creativecommons.org/licenses/by/2.0/,Anthony Easton,https://c6.staticflickr.com/9/8714/16786865239_5ff8cef0a0_o.jpg,https://www.flickr.com/photos/pinkmoose/16786865239
72edff6d076e7cbd,test,1,https://creativecommons.org/licenses/by/2.0/,FolsomNatural,https://c6.staticflickr.com/4/3921/14576415351_585f1c7911_o.jpg,https://www.flickr.com/photos/87249144@N08/14576415351
734db6fb9b4707a0,test,1,https://creativecommons.org/licenses/by/2.0/,Miki,https://farm1.staticflickr.com/3189/2531206433_5e0585c14b_o.jpg,https://www.flickr.com/photos/goodaboom/2531206433
736865256b6733d5,test,4,https://creativecommons.org/licenses/by/2.0/,Paul Williams,https://farm6.staticflickr.com/2050/2146457445_f989549c60_o.jpg,https://www.flickr.com/photos/skenmy/2146457445
73aa6ef6638f8425,test,4,https://creativecommons.org/licenses/by/2.0/,FotoGuy 49057,https://farm6.staticflickr.com/7481/16285940091_faa98c4c83_o.jpg,https://flickr.com/28682774@N00/16285940091
743a675fcb61095b,test,2,https://creativecommons.org/licenses/by/2.0/,Andy Bullock,https://c4.staticflickr.com/4/3075/2814860138_d89eb89e76_o.jpg,https://www.flickr.com/photos/andybullock77/2814860138
743cf00fda5a6618,test,2,https://creativecommons.org/licenses/by/2.0/,Rachel Kelso,https://c1.staticflickr.com/1/28/41909725_038fdca94f_o.jpg,https://www.flickr.com/photos/99841029@N00/41909725
746f0d77045a4629,test,2,https://creativecommons.org/licenses/by/2.0/,Narin BI,https://c2.staticflickr.com/3/2393/2527937462_31c2c91bb2_o.jpg,https://www.flickr.com/photos/bnarin/2527937462
74aa413e84cc47d7,test,2,https://creativecommons.org/licenses/by/2.0/,Virginie Moerenhout,https://farm8.staticflickr.com/4021/4465440330_607d0554f5_o.jpg,https://www.flickr.com/photos/yndra/4465440330
74b8a8da46a94023,test,1,https://creativecommons.org/licenses/by/2.0/,Bill &amp; Vicki T,https://farm4.staticflickr.com/2282/5802190610_9ecba13b7a_o.jpg,https://www.flickr.com/photos/iluvcocacola/5802190610
7542f12b9f06682b,test,1,https://creativecommons.org/licenses/by/2.0/,david humo,https://c4.staticflickr.com/9/8027/7671829776_3358d7e88c_o.jpg,https://www.flickr.com/photos/breizh-punisher/7671829776
75ebe17fec5f4adc,test,1,https://creativecommons.org/licenses/by/2.0/,Ron Cogswell,https://c5.staticflickr.com/6/5540/9686434725_d0b42df8ac_o.jpg,https://www.flickr.com/photos/22711505@N05/9686434725
781a5841a341f2fc,test,2,https://creativecommons.org/licenses/by/2.0/,Andrea Schaffer,https://c5.staticflickr.com/9/8535/8631582340_5921b6edcc_o.jpg,https://www.flickr.com/photos/aschaf/8631582340
781d2c76422dde33,test,1,https://creativecommons.org/licenses/by/2.0/,Becks,https://farm4.staticflickr.com/6205/6113266554_519df8f2a9_o.jpg,https://www.flickr.com/photos/littlemisspurps/6113266554
7836e79ccd8a924a,test,2,https://creativecommons.org/licenses/by/2.0/,Larry Jacobsen,https://c3.staticflickr.com/2/1157/923614871_43b73bbfb9_o.jpg,https://www.flickr.com/photos/ljguitar/923614871
788d8ef42e204654,test,1,https://creativecommons.org/licenses/by/2.0/,Larry Johnson,https://farm5.staticflickr.com/5146/5614781381_47eed5ce2f_o.jpg,https://www.flickr.com/photos/drljohnson/5614781381
78b8edc800fab6e3,test,1,https://creativecommons.org/licenses/by/2.0/,Steven Jackson,https://farm4.staticflickr.com/1032/4726246936_7fcbde9f7c_o.jpg,https://www.flickr.com/photos/jackson3/4726246936
7910decdd5e92a8c,test,2,https://creativecommons.org/licenses/by/2.0/,dfbphotos,https://c5.staticflickr.com/9/8161/7582587548_ff5121b6c3_o.jpg,https://www.flickr.com/photos/dfb_photos/7582587548
79325c50d79233f7,test,2,https://creativecommons.org/licenses/by/2.0/,daBinsi,https://farm8.staticflickr.com/8293/7812019710_e3411d5898_o.jpg,https://www.flickr.com/photos/dabinsi/7812019710
799e2e9118c6ec75,test,1,https://creativecommons.org/licenses/by/2.0/,Emilio Labrador,https://farm6.staticflickr.com/2594/3802377503_32dddef814_o.jpg,https://www.flickr.com/photos/3059349393/3802377503
79a5b1614a2dd857,test,6,https://creativecommons.org/licenses/by/2.0/,Paul Schulze,https://farm8.staticflickr.com/5544/11755089243_dae5309568_o.jpg,https://www.flickr.com/photos/paulschulze/11755089243
79a633f1b367125f,test,3,https://creativecommons.org/licenses/by/2.0/,Patrick,https://c8.staticflickr.com/3/2601/3872670704_914f992f75_o.jpg,https://www.flickr.com/photos/pdbreen/3872670704
7a7ec4085bcb9fd8,test,2,https://creativecommons.org/licenses/by/2.0/,Nathan Hughes Hamilton,https://c1.staticflickr.com/5/4040/4527420600_ab2f63b171_o.jpg,https://www.flickr.com/photos/nat507/4527420600
7a8d547d86093816,test,1,https://creativecommons.org/licenses/by/2.0/,Bryce Edwards,https://farm7.staticflickr.com/3215/2404426099_17a9810ec6_o.jpg,https://www.flickr.com/photos/bryce_edwards/2404426099/
7a90f08663383481,test,4,https://creativecommons.org/licenses/by/2.0/,Luis Hernandez,https://farm2.staticflickr.com/2727/4119007795_46cfa3b36d_o.jpg,https://www.flickr.com/photos/d2k6/4119007795
7acd537899757296,test,1,https://creativecommons.org/licenses/by/2.0/,Francisco Gonzalez,https://farm7.staticflickr.com/6212/6276802151_80632f7fec_o.jpg,https://www.flickr.com/photos/franciscojgonzalez/6276802151/
7b1778bedfccaec1,test,2,https://creativecommons.org/licenses/by/2.0/,Marc Dalmulder,https://farm2.staticflickr.com/6090/6085169250_12a493699b_o.jpg,https://www.flickr.com/photos/mdalmuld/6085169250/
7baa166f67a3a475,test,1,https://creativecommons.org/licenses/by/2.0/,_ Kripptic,https://farm6.staticflickr.com/8219/8280501002_ee1801b13c_o.jpg,https://www.flickr.com/photos/kripptic/8280501002
7c203c3f10e544ff,test,1,https://creativecommons.org/licenses/by/2.0/,Martijn.Munneke,https://c8.staticflickr.com/7/6039/6290937334_51117e2ab3_o.jpg,https://www.flickr.com/photos/martijnmunneke/6290937334
7d4aa6396d40996b,test,6,https://creativecommons.org/licenses/by/2.0/,Lali Masriera,https://c4.staticflickr.com/1/164/351400235_2620735fd9_o.jpg,https://www.flickr.com/photos/visualpanic/351400235
7da4e355186ce058,test,2,https://creativecommons.org/licenses/by/2.0/,Zachi Evenor,https://c1.staticflickr.com/9/8206/8258092492_bd10efe0a2_o.jpg,https://www.flickr.com/photos/zachievenor/8258092492
7efd9c3dba023ee9,test,2,https://creativecommons.org/licenses/by/2.0/,beta.robot,https://c2.staticflickr.com/4/3849/14222125888_c3bab2bdef_o.jpg,https://www.flickr.com/photos/beta-robot/14222125888/
7f67f6051d99b447,test,1,https://creativecommons.org/licenses/by/2.0/,Miltos Gikas,https://farm8.staticflickr.com/2195/2450409964_fa9a26ef3b_o.jpg,https://www.flickr.com/photos/aries_tottle/2450409964
7ff2a62d8cd5d0ad,test,2,https://creativecommons.org/licenses/by/2.0/,swimstud1386,https://c6.staticflickr.com/3/2207/2393459597_8a145741f1_o.jpg,https://www.flickr.com/photos/24552571@N07/2393459597
806868399ed68687,test,1,https://creativecommons.org/licenses/by/2.0/,Eli Christman,https://farm8.staticflickr.com/2822/10113686214_094bb30474_o.jpg,https://www.flickr.com/photos/gammaman/10113686214
81dbe45528115fec,test,2,https://creativecommons.org/licenses/by/2.0/,Allie_Caulfield,https://c5.staticflickr.com/5/4003/4450476777_96fddc480c_o.jpg,https://www.flickr.com/photos/wm_archiv/4450476777
81ff2039724935e1,test,5,https://creativecommons.org/licenses/by/2.0/,nickhell_,https://farm2.staticflickr.com/1106/5123997320_892eb5357e_o.jpg,https://www.flickr.com/photos/nickhell/5123997320
821fdbeca42a98a1,test,1,https://creativecommons.org/licenses/by/2.0/,Rick McCharles,https://farm2.staticflickr.com/8376/8584100055_6a07f03c3a_o.jpg,https://www.flickr.com/photos/rickmccharles/8584100055
8231cd6ada6f0cd1,test,2,https://creativecommons.org/licenses/by/2.0/,nadia &amp; massimo,https://farm2.staticflickr.com/3279/2761037530_1d7e216dba_o.jpg,https://www.flickr.com/photos/24641143@N03/2761037530
82491249a052c78a,test,6,https://creativecommons.org/licenses/by/2.0/,Donald Judge,https://c3.staticflickr.com/6/5604/15506006589_4d1cabbcf6_o.jpg,https://www.flickr.com/photos/donaldjudge/15506006589
831b342987fd22ca,test,4,https://creativecommons.org/licenses/by/2.0/,merec0,https://c3.staticflickr.com/4/3041/3039630345_2544c30fd7_o.jpg,https://www.flickr.com/photos/merec0/3039630345
84e2af250761d159,test,2,https://creativecommons.org/licenses/by/2.0/,Erik Charlton,https://c2.staticflickr.com/4/3091/5851338693_9899aa2247_o.jpg,https://www.flickr.com/photos/erikcharlton/5851338693
85e93a9c61f4e7f7,test,6,https://creativecommons.org/licenses/by/2.0/,Bob n Renee,https://farm8.staticflickr.com/5309/5838017176_61cbb7ef2c_o.jpg,https://www.flickr.com/photos/bobnrenee/5838017176
86401ad43b4f7652,test,1,https://creativecommons.org/licenses/by/2.0/,Bud Ellison,https://farm3.staticflickr.com/538/20149513691_bbb46fe0db_o.jpg,https://www.flickr.com/photos/budellison/20149513691
8691583b1247e6e8,test,1,https://creativecommons.org/licenses/by/2.0/,Pedro  Semitiel,https://c1.staticflickr.com/9/8437/7834349650_9d6c70d1ea_o.jpg,https://www.flickr.com/photos/55773111@N03/7834349650
87aab3b88de698f3,test,2,https://creativecommons.org/licenses/by/2.0/,Phalinn Ooi,https://farm4.staticflickr.com/8056/8131347404_ed378216e2_o.jpg,https://www.flickr.com/photos/phalinn/8131347404
889ae51391e9a8b3,test,1,https://creativecommons.org/licenses/by/2.0/,Anthony Quintano,https://farm4.staticflickr.com/3219/2388328841_0b08982de9_o.jpg,https://www.flickr.com/photos/quintanomedia/2388328841
88d182b67077ff13,test,1,https://creativecommons.org/licenses/by/2.0/,David A,https://farm4.staticflickr.com/44/158734066_ac3276e130_o.jpg,https://www.flickr.com/photos/creightonzomg/158734066
88d24a2d09382ba2,test,1,https://creativecommons.org/licenses/by/2.0/,Pat,https://farm3.staticflickr.com/3337/3447227381_d9e7ec4253_o.jpg,https://www.flickr.com/photos/26011776@N04/3447227381
8946e4b6f78cbc6b,test,2,https://creativecommons.org/licenses/by/2.0/,Jose Mesa,https://c4.staticflickr.com/9/8177/8055483885_a4547cd266_o.jpg,https://www.flickr.com/photos/liferfe/8055483885/
8afe6fc847bb7067,test,1,https://creativecommons.org/licenses/by/2.0/,Nick Black,https://farm8.staticflickr.com/1292/1286529861_feb1383529_o.jpg,https://www.flickr.com/photos/nick_bl/1286529861
8b84b3d6a6cb1aca,test,1,https://creativecommons.org/licenses/by/2.0/,GillyBerlin,https://c3.staticflickr.com/5/4018/4359187889_5b7d6daa23_o.jpg,https://www.flickr.com/photos/gillyberlin/4359187889
8bfa7021d75746ce,test,1,https://creativecommons.org/licenses/by/2.0/,Bryan Alexander,https://c7.staticflickr.com/3/2091/2371758186_ccb4c88485_o.jpg,https://www.flickr.com/photos/bryanalexander/2371758186
8c2905d5881ac303,test,1,https://creativecommons.org/licenses/by/2.0/,Ben Aston,https://farm4.staticflickr.com/1148/1419397007_763dd5f92f_o.jpg,https://www.flickr.com/photos/benaston/1419397007
8c389a609028f1e0,test,1,https://creativecommons.org/licenses/by/2.0/,amateur photography by michel,https://farm1.staticflickr.com/7472/15499928589_949ff75b3e_o.jpg,https://www.flickr.com/photos/119886413@N05/15499928589
8d373d638e47e9a2,test,1,https://creativecommons.org/licenses/by/2.0/,Forest Service Northern Region,https://farm3.staticflickr.com/5287/5688125759_020b53dfc9_o.jpg,https://www.flickr.com/photos/fsnorthernregion/5688125759
8fe2a481df8539eb,test,1,https://creativecommons.org/licenses/by/2.0/,Julia Gross,https://c4.staticflickr.com/3/2420/2257664962_ff99c5aa9c_o.jpg,https://www.flickr.com/photos/7493258@N06/2257664962
8fe63c92fc803e09,test,1,https://creativecommons.org/licenses/by/2.0/,Michael Mayer,https://c2.staticflickr.com/6/5550/11309852624_2e3a6fcafb_o.jpg,https://www.flickr.com/photos/michael_mayer/11309852624
91a7534a3005fc10,test,1,https://creativecommons.org/licenses/by/2.0/,MICHAEL BROWN,https://farm1.staticflickr.com/8353/8331159299_2a12c1ea6c_o.jpg,https://www.flickr.com/photos/mikebfotos/8331159299
91d54776336f17e1,test,2,https://creativecommons.org/licenses/by/2.0/,Chadica,https://farm2.staticflickr.com/3060/2853479118_4e45494c46_o.jpg,https://www.flickr.com/photos/chadica/2853479118
91e4f9b22fa0cc97,test,4,https://creativecommons.org/licenses/by/2.0/,Pete Klosterman,https://farm8.staticflickr.com/226/477865126_8561bdee7c_o.jpg,https://www.flickr.com/photos/pete_k_1948/477865126
92ba71b3121dd881,test,3,https://creativecommons.org/licenses/by/2.0/,Jean &amp; Nathalie,https://farm2.staticflickr.com/4135/4917624744_f55e3e14c0_o.jpg,https://www.flickr.com/photos/jries/4917624744
934acafaac7d892a,test,1,https://creativecommons.org/licenses/by/2.0/,Lock the Gate Alliance,https://c3.staticflickr.com/9/8513/8353745380_ebf05904a5_o.jpg,https://www.flickr.com/photos/lockthegatealliance/8353745380/
93b9383853d5f6c6,test,1,https://creativecommons.org/licenses/by/2.0/,lux23az,https://farm7.staticflickr.com/2920/14406357298_d06d87d3c4_o.jpg,https://www.flickr.com/photos/lux23az/14406357298
971e2ba00ec3f268,test,1,https://creativecommons.org/licenses/by/2.0/,Ralf Schulze,https://c1.staticflickr.com/1/88/223210337_3fdfa563e8_o.jpg,https://www.flickr.com/photos/rs-foto/223210337
97316fe963138baa,test,2,https://creativecommons.org/licenses/by/2.0/,bjoern,https://c3.staticflickr.com/9/8230/8589446637_6f6336e7a9_o.jpg,https://www.flickr.com/photos/bjoern/8589446637
980a70e2303b9e77,test,1,https://creativecommons.org/licenses/by/2.0/,Un Bolshakov,https://farm8.staticflickr.com/1381/1351695303_2d37e6243f_o.jpg,https://www.flickr.com/photos/bolshakov/1351695303
9832abc7c38bb11e,test,2,https://creativecommons.org/licenses/by/2.0/,McKay Savage,https://c7.staticflickr.com/2/1359/5111452055_6c985ee34b_o.jpg,https://www.flickr.com/photos/mckaysavage/5111452055
98496dd1d2e8b8e4,test,1,https://creativecommons.org/licenses/by/2.0/,Steve Bozak,https://farm5.staticflickr.com/2932/14567441654_7fb221d1cc_o.jpg,https://www.flickr.com/photos/34513998@N02/14567441654
986f9068db7d0444,test,4,https://creativecommons.org/licenses/by/2.0/,Mike Bohle,https://farm5.staticflickr.com/3228/3868157409_e58e8ddde1_o.jpg,https://www.flickr.com/photos/vindoe40/3868157409/
98727e4187d609e1,test,2,https://creativecommons.org/licenses/by/2.0/,balu,https://farm2.staticflickr.com/8332/8131229398_dd48e3dc00_o.jpg,https://www.flickr.com/photos/balusss/8131229398
98ef2df73dc488e8,test,4,https://creativecommons.org/licenses/by/2.0/,diosthenese,https://c1.staticflickr.com/4/3078/2520973677_27f0b9f382_o.jpg,https://www.flickr.com/photos/25048019@N03/2520973677
999b2ba43f498d57,test,1,https://creativecommons.org/licenses/by/2.0/,Pete Birkinshaw,https://farm8.staticflickr.com/3679/20239474129_ba38d3fc7e_o.jpg,https://www.flickr.com/photos/binaryape/20239474129
9a24464b368bcb0e,test,2,https://creativecommons.org/licenses/by/2.0/,jmt-29,https://c7.staticflickr.com/6/5348/7409532374_0fea93de95_o.jpg,https://www.flickr.com/photos/jmt-29/7409532374
9ad81ca183309dd2,test,2,https://creativecommons.org/licenses/by/2.0/,Alan Levine,https://farm3.staticflickr.com/3362/3519630834_681308461c_o.jpg,https://www.flickr.com/photos/cogdog/3519630834
9c1447acfdaa5f1a,test,1,https://creativecommons.org/licenses/by/2.0/,Henrik Palm,https://c3.staticflickr.com/8/7247/7556015202_05250a343e_o.jpg,https://www.flickr.com/photos/henrikpalm/7556015202
9c53ba2dcc734b28,test,2,https://creativecommons.org/licenses/by/2.0/,BOMBMAN,https://c1.staticflickr.com/7/6191/6037914552_cfb0cdd0d7_o.jpg,https://www.flickr.com/photos/ajay_g/6037914552
9c902c0047ef2bf0,test,2,https://creativecommons.org/licenses/by/2.0/,Kiama Library,https://farm1.staticflickr.com/3744/11848473394_a586333399_o.jpg,https://www.flickr.com/photos/25022128@N03/11848473394
9d96f3293e1b7432,test,1,https://creativecommons.org/licenses/by/2.0/,Jenna Filipkowski,https://farm3.staticflickr.com/8069/8197389563_fae6a57bc1_o.jpg,https://www.flickr.com/photos/jennan0elle/8197389563
9e000b8310939502,test,1,https://creativecommons.org/licenses/by/2.0/,Kylie Turley,https://farm3.staticflickr.com/3952/15472762141_eb00f12c45_o.jpg,https://www.flickr.com/photos/spencerandkylie/15472762141
a01860301ac3031f,test,16,https://creativecommons.org/licenses/by/2.0/,Brieuc Saffré,https://c8.staticflickr.com/5/4121/4739520292_e095561a00_o.jpg,https://www.flickr.com/photos/brieuc/4739520292
a0c7f08ce895ff52,test,2,https://creativecommons.org/licenses/by/2.0/,Geoffrey Rhodes,https://farm3.staticflickr.com/5474/10641994493_569ab5abd0_o.jpg,https://www.flickr.com/photos/20940650@N07/10641994493
a15a5d4a704d504c,test,1,https://creativecommons.org/licenses/by/2.0/,Martin benavides,https://c5.staticflickr.com/4/3002/2293649660_dc30c9823e_o.jpg,https://www.flickr.com/photos/mbenavides/2293649660
a21754bb8bdade67,test,2,https://creativecommons.org/licenses/by/2.0/,Bill Morrow,https://farm8.staticflickr.com/8180/7911926774_0416f3a869_o.jpg,https://www.flickr.com/photos/billmorrow/7911926774
a242bbc984bfe112,test,1,https://creativecommons.org/licenses/by/2.0/,U.S. Department of Agriculture,https://farm3.staticflickr.com/8720/16802162424_775f2ed490_o.jpg,https://www.flickr.com/photos/usdagov/16802162424
a2744efa4d6f1b2b,test,1,https://creativecommons.org/licenses/by/2.0/,Toralf Roaldseth,https://c4.staticflickr.com/1/101/265357247_3ef744efc7_o.jpg,https://www.flickr.com/photos/76304658@N00/265357247
a2bc25bd4d4145b9,test,1,https://creativecommons.org/licenses/by/2.0/,Kevin Gibbons,https://c2.staticflickr.com/1/284/19539657631_590db16e12_o.jpg,https://www.flickr.com/photos/119453863@N02/19539657631
a35b8543507acdd2,test,2,https://creativecommons.org/licenses/by/2.0/,MdAgDept,https://farm3.staticflickr.com/3953/15594378675_3c608b39ef_o.jpg,https://www.flickr.com/photos/mdagdept/15594378675
a3a80879c9a170c6,test,1,https://creativecommons.org/licenses/by/2.0/,~Pawsitive~Candie_N,https://farm7.staticflickr.com/3186/2899015039_c240a6232e_o.jpg,https://www.flickr.com/photos/scjn/2899015039
a3cb8036d871190f,test,1,https://creativecommons.org/licenses/by/2.0/,spiraltri3e,https://c8.staticflickr.com/7/6217/6226306847_a9be2f050c_o.jpg,https://www.flickr.com/photos/spiral/6226306847
a41413755af8f995,test,2,https://creativecommons.org/licenses/by/2.0/,Oliver Ruhm,https://farm6.staticflickr.com/5107/5679496220_4edf39d20e_o.jpg,https://www.flickr.com/photos/ruhm/5679496220
a6bef3cdf8513eeb,test,3,https://creativecommons.org/licenses/by/2.0/,EmPemm,https://c4.staticflickr.com/8/7335/13911156392_f3a345b586_o.jpg,https://www.flickr.com/photos/l1ttle_miss/13911156392
a7d9ca79f190f584,test,1,https://creativecommons.org/licenses/by/2.0/,snotch,https://farm5.staticflickr.com/4122/4934138255_42cb60c3a4_o.jpg,https://www.flickr.com/photos/snotch/4934138255
a883ede8d4ee1213,test,1,https://creativecommons.org/licenses/by/2.0/,Harold Kuiper,https://farm4.staticflickr.com/60/181502708_8ffcf91058_o.jpg,https://www.flickr.com/photos/haroldkuiper/181502708
a90f760ecad86ac8,test,5,https://creativecommons.org/licenses/by/2.0/,Mike Shelby,https://c1.staticflickr.com/8/7017/6582369859_656f6684f4_o.jpg,https://www.flickr.com/photos/mikeshelby/6582369859
a9dbaa2ef7acda02,test,2,https://creativecommons.org/licenses/by/2.0/,Luis Pérez,https://farm3.staticflickr.com/3014/2757362197_838ae9da8a_o.jpg,https://www.flickr.com/photos/pe5pe/2757362197
aabc78b79706c181,test,2,https://creativecommons.org/licenses/by/2.0/,Sergio Kasusky Pech,https://farm2.staticflickr.com/1113/570030666_4ec42f9fe5_o.jpg,https://www.flickr.com/photos/sergiokasusky/570030666
aba6b644836c3461,test,2,https://creativecommons.org/licenses/by/2.0/,Ananth BS,https://farm2.staticflickr.com/46/136310496_216ff74e2f_o.jpg,https://www.flickr.com/photos/ananth/136310496
acae0097c0552a24,test,14,https://creativecommons.org/licenses/by/2.0/,José Antonio Gil Martínez,https://farm5.staticflickr.com/31/66233851_049da06592_o.jpg,https://www.flickr.com/photos/freecat/66233851
ad10853e21a21062,test,2,https://creativecommons.org/licenses/by/2.0/,Ashley Bayles,https://farm3.staticflickr.com/8027/7606039798_a53a2feef9_o.jpg,https://www.flickr.com/photos/ashleybayles/7606039798
adc6cb08fcafcf77,test,7,https://creativecommons.org/licenses/by/2.0/,@BK,https://farm8.staticflickr.com/3409/3230501137_a3fdd51db9_o.jpg,https://www.flickr.com/photos/bhaveshkothari/3230501137
adedbc92418ea580,test,1,https://creativecommons.org/licenses/by/2.0/,Ella Mullins,https://farm1.staticflickr.com/54/150403351_e9a1d84589_o.jpg,https://www.flickr.com/photos/stincodiporco/150403351
aed3da55e0bc6852,test,2,https://creativecommons.org/licenses/by/2.0/,Vidar Karlsen,https://farm3.staticflickr.com/2916/14092287711_b603927d5e_o.jpg,https://www.flickr.com/photos/vkarlsen/14092287711
afa3079b8307d1d7,test,2,https://creativecommons.org/licenses/by/2.0/,Wilson Hui,https://farm8.staticflickr.com/7399/9284716700_5871e601f2_o.jpg,https://www.flickr.com/photos/wilsonhui/9284716700
afac8875d2dadaf3,test,2,https://creativecommons.org/licenses/by/2.0/,Pete Gregoire,https://farm4.staticflickr.com/2869/12625405623_0f3be6e0fa_o.jpg,https://www.flickr.com/photos/petegregoire/12625405623
b14d827d821c1d9e,test,2,https://creativecommons.org/licenses/by/2.0/,Arian Zwegers,https://c7.staticflickr.com/7/6170/6172922034_83937b7f01_o.jpg,https://www.flickr.com/photos/azwegers/6172922034
b277b668bf96404c,test,1,https://creativecommons.org/licenses/by/2.0/,Ruiwen Chen,https://c5.staticflickr.com/4/3221/3032432836_2ae5d78fc5_o.jpg,https://www.flickr.com/photos/skyland_rw/3032432836
b39cbec447cd153c,test,2,https://creativecommons.org/licenses/by/2.0/,Michael Pollak,https://c5.staticflickr.com/8/7106/6908326594_d9112e524f_o.jpg,https://www.flickr.com/photos/michaelpollak/6908326594
b45f0e088ba581f2,test,4,https://creativecommons.org/licenses/by/2.0/,4ocima,https://farm3.staticflickr.com/103/303152843_1f9ea8f87e_o.jpg,https://www.flickr.com/photos/4ocima/303152843
b7f0609738220d71,test,2,https://creativecommons.org/licenses/by/2.0/,Mike,https://farm2.staticflickr.com/7237/13371566743_efba7f55bf_o.jpg,https://www.flickr.com/photos/39965300@N07/13371566743
b8e4ff43784ed05e,test,2,https://creativecommons.org/licenses/by/2.0/,spiraltri3e,https://c7.staticflickr.com/7/6177/6226296991_3aa9409238_o.jpg,https://www.flickr.com/photos/spiral/6226296991
b9013f139f04b837,test,2,https://creativecommons.org/licenses/by/2.0/,Chris Brown,https://farm8.staticflickr.com/230/519490198_ec06e68bc0_o.jpg,https://www.flickr.com/photos/zoonabar/519490198
b958a1ca7d2bf540,test,4,https://creativecommons.org/licenses/by/2.0/,Dave Hogg,https://farm1.staticflickr.com/178/459516586_47f30dfd46_o.jpg,https://www.flickr.com/photos/davehogg/459516586
baf00f5d3c67ee5c,test,2,https://creativecommons.org/licenses/by/2.0/,Ben Brophy,https://c5.staticflickr.com/1/203/442968565_cb0c945523_o.jpg,https://www.flickr.com/photos/lfb/442968565
bc7bdbdc0adb80a2,test,1,https://creativecommons.org/licenses/by/2.0/,Glen Bowman,https://farm3.staticflickr.com/643/20987708476_5a8a0bdb6e_o.jpg,https://www.flickr.com/photos/glenbowman/20987708476
bd0316bff33767f1,test,2,https://creativecommons.org/licenses/by/2.0/,Jose Manuel Fernandez,https://farm2.staticflickr.com/5350/9701429165_64a771256f_o.jpg,https://www.flickr.com/photos/josemafdezfdez/9701429165
bd4ad102b75e74e8,test,2,https://creativecommons.org/licenses/by/2.0/,Jeff Sandquist,https://c1.staticflickr.com/3/2152/2272562024_21f83d56e8_o.jpg,https://www.flickr.com/photos/jeffsand/2272562024
be6454cf51c74709,test,1,https://creativecommons.org/licenses/by/2.0/,Paul Wordingham,https://c2.staticflickr.com/4/3224/2802953663_1e37ed3ccb_o.jpg,https://www.flickr.com/photos/13422316@N00/2802953663
bf6ae0886261a8c8,test,2,https://creativecommons.org/licenses/by/2.0/,David,https://c1.staticflickr.com/2/1071/1363069109_cc5f969200_o.jpg,https://www.flickr.com/photos/bootbearwdc/1363069109
c019f0787a5bcadf,test,2,https://creativecommons.org/licenses/by/2.0/,CGP Grey,https://c8.staticflickr.com/5/4075/4888644267_80c9c89be5_o.jpg,https://www.flickr.com/photos/cgpgrey/4888644267
c07d851439073801,test,1,https://creativecommons.org/licenses/by/2.0/,tomline43,https://farm2.staticflickr.com/4142/4827297075_a8be7f2cc2_o.jpg,https://www.flickr.com/photos/9364326@N04/4827297075
c0e23a18bad05ce6,test,1,https://creativecommons.org/licenses/by/2.0/,John Trainor,https://farm7.staticflickr.com/131/339655225_305affca34_o.jpg,https://www.flickr.com/photos/trainor/339655225
c11d9d6049d76709,test,2,https://creativecommons.org/licenses/by/2.0/,Poncho Equihua,https://c2.staticflickr.com/5/4079/4763134890_5b24d50f62_o.jpg,https://www.flickr.com/photos/16428452@N07/4763134890
c1b64e7fb373e00b,test,1,https://creativecommons.org/licenses/by/2.0/,Mark Jordahl,https://c4.staticflickr.com/7/6017/5979111431_d5594378ff_o.jpg,https://www.flickr.com/photos/conservationconcepts/5979111431
c342e18e8a63eed6,test,1,https://creativecommons.org/licenses/by/2.0/,Alikai,https://farm7.staticflickr.com/1118/1377753898_b6b5a8f9d3_o.jpg,https://www.flickr.com/photos/alikai/1377753898
c3885c1077e6d103,test,1,https://creativecommons.org/licenses/by/2.0/,Gerardo Lazzari,https://farm4.staticflickr.com/3436/3886874407_344b597a90_o.jpg,https://www.flickr.com/photos/gerardolazzari/3886874407
c436f84503ffbdb2,test,2,https://creativecommons.org/licenses/by/2.0/,Jos,https://farm3.staticflickr.com/41/124777102_34e2e07e42_o.jpg,https://www.flickr.com/photos/20299709@N00/124777102
c45de25cd91134f4,test,3,https://creativecommons.org/licenses/by/2.0/,Paul J Everett,https://farm5.staticflickr.com/2396/2190655690_8bee446c47_o.jpg,https://www.flickr.com/photos/paul_everett82/2190655690
c54890c044e63d78,test,1,https://creativecommons.org/licenses/by/2.0/,&quot;G&quot; jewels g is for grandma,https://c1.staticflickr.com/3/2239/2539453961_af8fefb7f3_o.jpg,https://www.flickr.com/photos/g_jewels/2539453961/
c5e088383cbe7c41,test,1,https://creativecommons.org/licenses/by/2.0/,bauernverband,https://farm2.staticflickr.com/8629/16445911999_7ba9b0e59d_o.jpg,https://www.flickr.com/photos/bauernverband/16445911999
c6737278e2845421,test,1,https://creativecommons.org/licenses/by/2.0/,"Turol Jones, un artista de cojones",https://farm2.staticflickr.com/3886/14915045806_11c422b316_o.jpg,https://www.flickr.com/photos/10352740@N03/14915045806
c710e24b4ab73c24,test,3,https://creativecommons.org/licenses/by/2.0/,PRT Meymaneh,https://farm5.staticflickr.com/4110/4989805012_174e2d1cb1_o.jpg,https://www.flickr.com/photos/prtmeymaneh/4989805012
c74bab276663a956,test,2,https://creativecommons.org/licenses/by/2.0/,John Haslam,https://farm7.staticflickr.com/170/415467173_b7fb5998e9_o.jpg,https://www.flickr.com/photos/foxypar4/415467173
c837a3f52e994249,test,16,https://creativecommons.org/licenses/by/2.0/,David Lombardía,https://c2.staticflickr.com/4/3662/3827820594_9719ba243e_o.jpg,https://www.flickr.com/photos/dlombardia/3827820594
c92b7a4d9d48926d,test,2,https://creativecommons.org/licenses/by/2.0/,Alberto Cabello,https://c6.staticflickr.com/1/466/19749933254_4abf878fd5_o.jpg,https://www.flickr.com/photos/pixelillo/19749933254
cce3d354d35e99da,test,1,https://creativecommons.org/licenses/by/2.0/,Pamela,https://c3.staticflickr.com/4/3238/2861573348_91fd4d3931_o.jpg,https://www.flickr.com/photos/otterpix/2861573348
cd5204d9cf7e01e8,test,4,https://creativecommons.org/licenses/by/2.0/,k_crosland,https://c1.staticflickr.com/4/3437/3790569513_237c43a294_o.jpg,https://www.flickr.com/photos/13825570@N04/3790569513
ce13699b1eac8035,test,1,https://creativecommons.org/licenses/by/2.0/,Brian Gratwicke,https://farm6.staticflickr.com/8447/7848232332_57b7dccea8_o.jpg,https://www.flickr.com/photos/briangratwicke/7848232332/
ce5b88fd30b123ef,test,1,https://creativecommons.org/licenses/by/2.0/,Ann,https://c8.staticflickr.com/8/7414/12769672513_2421e94f50_o.jpg,https://www.flickr.com/photos/picturesbyann/12769672513
ce902200e4d89879,test,1,https://creativecommons.org/licenses/by/2.0/,Kathrin Guenther,https://c2.staticflickr.com/3/2779/4386171370_f10acc927a_o.jpg,https://www.flickr.com/photos/kathrin2010/4386171370
ceaf494efef3dfef,test,6,https://creativecommons.org/licenses/by/2.0/,yeowatzup,https://c8.staticflickr.com/1/45/149196981_34d8c93299_o.jpg,https://www.flickr.com/photos/yeowatzup/149196981
cf00bb93f2b9bde3,test,1,https://creativecommons.org/licenses/by/2.0/,Redwood Coast,https://farm4.staticflickr.com/4006/4707765900_1e0a4a4a05_o.jpg,https://www.flickr.com/photos/redwoodcoaster/4707765900
cf0959c25eb37bd2,test,10,https://creativecommons.org/licenses/by/2.0/,Richard Martin,https://farm3.staticflickr.com/6151/6199913609_5c67f4ca57_o.jpg,https://www.flickr.com/photos/bevrichardmartin/6199913609/
d041792794f559c0,test,2,https://creativecommons.org/licenses/by/2.0/,Marc Veraart,https://farm1.staticflickr.com/3024/2682343324_e02b267680_o.jpg,https://www.flickr.com/photos/marcveraart/2682343324
d18c57e2866ae822,test,1,https://creativecommons.org/licenses/by/2.0/,Squeezyboy,https://farm3.staticflickr.com/29/43615225_27c6ce8f10_o.jpg,https://www.flickr.com/photos/squeezyboy/43615225
d221ea3d73f48467,test,1,https://creativecommons.org/licenses/by/2.0/,Xeusy,https://farm8.staticflickr.com/141/342972750_e27c11d694_o.jpg,https://www.flickr.com/photos/treydanger/342972750
d23d57853fd7278d,test,5,https://creativecommons.org/licenses/by/2.0/,Andrea Church,https://c6.staticflickr.com/4/3079/2681832848_6a82fdcfb6_o.jpg,https://www.flickr.com/photos/indigovalley/2681832848
d339c39a4c501b18,test,4,https://creativecommons.org/licenses/by/2.0/,jack_g,https://c1.staticflickr.com/1/41/99446600_06ed873720_o.jpg,https://www.flickr.com/photos/jgurrad/99446600
d48b994023e536d0,test,1,https://creativecommons.org/licenses/by/2.0/,Torsten Behrens,https://farm1.staticflickr.com/634/21905235762_5a8a104522_o.jpg,https://www.flickr.com/photos/torsten-behrens/21905235762
d4a12f39f0c09788,test,4,https://creativecommons.org/licenses/by/2.0/,Brianne Du Clos,https://c1.staticflickr.com/4/3851/15313574795_4aa63da373_o.jpg,https://www.flickr.com/photos/forester_lady/15313574795
d54430e6d9a105aa,test,1,https://creativecommons.org/licenses/by/2.0/,Ted Bigham,https://c3.staticflickr.com/9/8173/7992745438_5101e83839_o.jpg,https://www.flickr.com/photos/tedbigham/7992745438
d5ce2e6e440053a0,test,1,https://creativecommons.org/licenses/by/2.0/,Roberto Verzo,https://farm1.staticflickr.com/3078/2735246752_f40fec16c4_o.jpg,https://www.flickr.com/photos/verzo/2735246752
d7911bf5ab8d4af1,test,2,https://creativecommons.org/licenses/by/2.0/,Jean,https://farm2.staticflickr.com/2081/2390978753_673c4c6948_o.jpg,https://www.flickr.com/photos/7326810@N08/2390978753
d93dbc224dded572,test,1,https://creativecommons.org/licenses/by/2.0/,Marcela Arango,https://farm3.staticflickr.com/8666/16175679974_38ccfbd99b_o.jpg,https://www.flickr.com/photos/marcelabcolombia/16175679974
d9d1326a08756178,test,1,https://creativecommons.org/licenses/by/2.0/,Ben Aston,https://c1.staticflickr.com/2/1062/1419405347_5683348d10_o.jpg,https://www.flickr.com/photos/benaston/1419405347
db53bb191ee981f6,test,2,https://creativecommons.org/licenses/by/2.0/,Paul Hudson,https://farm7.staticflickr.com/5139/5514075560_89714b5840_o.jpg,https://www.flickr.com/photos/pahudson/5514075560
db593a5fa38b8b9d,test,2,https://creativecommons.org/licenses/by/2.0/,Jim Bowen,https://c6.staticflickr.com/3/2701/4358285232_185fb5abd5_o.jpg,https://www.flickr.com/photos/jamiedfw/4358285232/
dc1db4d83f525a17,test,2,https://creativecommons.org/licenses/by/2.0/,Sarah,https://farm8.staticflickr.com/1328/5145261771_673edc1d1f_o.jpg,https://www.flickr.com/photos/37053660@N02/5145261771
dd69e66ca03742e6,test,2,https://creativecommons.org/licenses/by/2.0/,Jeff Wallace,https://farm7.staticflickr.com/5264/5846787061_286487a071_o.jpg,https://www.flickr.com/photos/wherezjeff/5846787061
dd87708492a06585,test,1,https://creativecommons.org/licenses/by/2.0/,Wildebeast1,https://farm6.staticflickr.com/1113/3163964769_f92d1e5d34_o.jpg,https://www.flickr.com/photos/wildebees/3163964769
ddfdeb9ba20bdf80,test,3,https://creativecommons.org/licenses/by/2.0/,Emilio Labrador,https://farm1.staticflickr.com/4032/4211773698_773f94abbf_o.jpg,https://www.flickr.com/photos/3059349393/4211773698
decf2bf215b7066b,test,1,https://creativecommons.org/licenses/by/2.0/,Kinneret Yifrah,https://c4.staticflickr.com/2/1307/1469953540_7f67187094_o.jpg,https://www.flickr.com/photos/kinnerety/1469953540
df24830ae1b2fd13,test,1,https://creativecommons.org/licenses/by/2.0/,Christian Van Der Henst S.,https://farm4.staticflickr.com/17/23441351_5d87dc3d31_o.jpg,https://www.flickr.com/photos/cvander/23441351
e008e39af2d59a5f,test,2,https://creativecommons.org/licenses/by/2.0/,Christian Van Der Henst S.,https://c8.staticflickr.com/1/19/23441390_7ecda45f2d_o.jpg,https://www.flickr.com/photos/cvander/23441390
e03972d97713fb2c,test,2,https://creativecommons.org/licenses/by/2.0/,Ross Angus,https://c5.staticflickr.com/1/30/40806556_795c01eeab_o.jpg,https://www.flickr.com/photos/ross_angus/40806556
e10af05cf76b6fa8,test,2,https://creativecommons.org/licenses/by/2.0/,Audrey,https://c1.staticflickr.com/1/101/367587913_54cde31d37_o.jpg,https://www.flickr.com/photos/audreyjm529/367587913
e28c3e06fc4b1b4d,test,2,https://creativecommons.org/licenses/by/2.0/,Justin Leonard,https://c6.staticflickr.com/4/3572/3770310297_3377c49fee_o.jpg,https://www.flickr.com/photos/scrap_pile/3770310297
e29dbd199b614f0d,test,2,https://creativecommons.org/licenses/by/2.0/,Joe Lanman,https://c6.staticflickr.com/1/77/195028615_4813c4278a_o.jpg,https://www.flickr.com/photos/joelanman/195028615
e37f07965e61f38c,test,1,https://creativecommons.org/licenses/by/2.0/,diosthenese,https://c5.staticflickr.com/4/3141/2521791492_de7bea2186_o.jpg,https://www.flickr.com/photos/25048019@N03/2521791492
e3c70de5d47784ab,test,4,https://creativecommons.org/licenses/by/2.0/,ruslou koorts,https://c4.staticflickr.com/1/167/453746559_92c3c65742_o.jpg,https://www.flickr.com/photos/ruslou/453746559/
e3e7094ee40b88b2,test,1,https://creativecommons.org/licenses/by/2.0/,khaipi,https://farm3.staticflickr.com/1404/1149674270_b07f0036c6_o.jpg,https://www.flickr.com/photos/khaipi/1149674270
e4b15d99c00bf127,test,1,https://creativecommons.org/licenses/by/2.0/,Sumeet Moghe,https://farm8.staticflickr.com/4110/5217035579_78c7085d45_o.jpg,https://www.flickr.com/photos/ciphertux/5217035579
e524af537d2e557d,test,1,https://creativecommons.org/licenses/by/2.0/,Daniel X. O&#x27;Neil,https://c6.staticflickr.com/4/3846/15200625528_d145af8c73_o.jpg,https://www.flickr.com/photos/juggernautco/15200625528
e568b5df8eac5650,test,23,https://creativecommons.org/licenses/by/2.0/,lecucurbitacee,https://farm1.staticflickr.com/6140/5983176633_700f1a742d_o.jpg,https://www.flickr.com/photos/jpetitseigneur/5983176633/
e72baabaa2c8e133,test,2,https://creativecommons.org/licenses/by/2.0/,Banzai Hiroaki,https://farm4.staticflickr.com/1080/5107047338_dc0e759dcf_o.jpg,https://www.flickr.com/photos/imgdive/5107047338
e76fa3a5687cd547,test,2,https://creativecommons.org/licenses/by/2.0/,Joe Bielawa,https://farm8.staticflickr.com/8495/8445178907_4fc4a906f8_o.jpg,https://www.flickr.com/photos/joebielawa/8445178907
e7d6b1b8c652430a,test,4,https://creativecommons.org/licenses/by/2.0/,Brian Boucheron,https://c3.staticflickr.com/4/3499/3186754522_5f472d0007_o.jpg,https://www.flickr.com/photos/bert_m_b/3186754522
e8affa1f524fb0a5,test,1,https://creativecommons.org/licenses/by/2.0/,dodongflores,https://farm6.staticflickr.com/1286/1377904554_7d460dcc34_o.jpg,https://www.flickr.com/photos/dodongflores/1377904554/
e9233e7d230498c6,test,1,https://creativecommons.org/licenses/by/2.0/,Taymaz Valley,https://farm7.staticflickr.com/7226/7310927318_e50e3c0d5d_o.jpg,https://www.flickr.com/photos/taymazvalley/7310927318
e94827242ea4edd3,test,3,https://creativecommons.org/licenses/by/2.0/,Paul J Everett,https://farm4.staticflickr.com/2254/2189867999_18a2b5ed9e_o.jpg,https://www.flickr.com/photos/paul_everett82/2189867999
e9fef8a8ea75cdd3,test,2,https://creativecommons.org/licenses/by/2.0/,Linda Stanley,https://farm4.staticflickr.com/2811/9166217164_edda315c65_o.jpg,https://www.flickr.com/photos/68732830@N06/9166217164
ebc3f0f2b65b7b54,test,2,https://creativecommons.org/licenses/by/2.0/,Arend,https://farm5.staticflickr.com/7563/15495221698_a7662041d3_o.jpg,https://www.flickr.com/photos/vermazeren/15495221698
ec1ef7a131eea280,test,2,https://creativecommons.org/licenses/by/2.0/,Tristan Ferne,https://farm1.staticflickr.com/4082/4782560130_afb06ed50c_o.jpg,https://www.flickr.com/photos/tristanf/4782560130
ec3e18e28dffaae2,test,2,https://creativecommons.org/licenses/by/2.0/,Jeremy Howard,https://farm3.staticflickr.com/3247/2734304962_5bdee76bc6_o.jpg,https://www.flickr.com/photos/69185928@N00/2734304962
ec60464e3341a338,test,1,https://creativecommons.org/licenses/by/2.0/,diosthenese,https://c1.staticflickr.com/3/2381/2520971613_a590ba6d75_o.jpg,https://www.flickr.com/photos/25048019@N03/2520971613
ed87b6c433e09140,test,6,https://creativecommons.org/licenses/by/2.0/,Battle Creek CVB,https://farm1.staticflickr.com/2595/4100642553_e4c81011ba_o.jpg,https://www.flickr.com/photos/battlecreekcvb/4100642553
ed97f8cc0c006df8,test,2,https://creativecommons.org/licenses/by/2.0/,Roy Montgomery,https://c1.staticflickr.com/4/3258/3315609552_979f21e118_o.jpg,https://www.flickr.com/photos/roymontgomery/3315609552
edbfbac487f4147f,test,1,https://creativecommons.org/licenses/by/2.0/,stuart Burns,https://c8.staticflickr.com/5/4061/4519961183_fd83ef43ec_o.jpg,https://www.flickr.com/photos/41173345@N03/4519961183
edc4a6975f85f614,test,2,https://creativecommons.org/licenses/by/2.0/,Ben Sutherland,https://farm5.staticflickr.com/183/443434802_be6260cbe3_o.jpg,https://www.flickr.com/photos/bensutherland/443434802
eef81394ea35264e,test,1,https://creativecommons.org/licenses/by/2.0/,Glen,https://c7.staticflickr.com/3/2457/3767437146_7ff45fae44_o.jpg,https://www.flickr.com/photos/l2f1/3767437146
f0f06588c68d04da,test,3,https://creativecommons.org/licenses/by/2.0/,Stig Nygaard,https://c3.staticflickr.com/3/2364/2498148001_6879bb9078_o.jpg,https://www.flickr.com/photos/stignygaard/2498148001
f0f9bfb6b81dc05e,test,1,https://creativecommons.org/licenses/by/2.0/,Larry Jacobsen,https://c7.staticflickr.com/2/1283/924181384_9f8300348c_o.jpg,https://www.flickr.com/photos/ljguitar/924181384/
f1168ef7e8874b5c,test,1,https://creativecommons.org/licenses/by/2.0/,PhotoAtelier,https://c5.staticflickr.com/6/5475/11696072586_759e3b27f2_o.jpg,https://www.flickr.com/photos/glenbledsoe/11696072586
f13195fc3efbb2bd,test,4,https://creativecommons.org/licenses/by/2.0/,Emran Kassim,https://c6.staticflickr.com/4/3606/3317922589_d3a9f6a847_o.jpg,https://www.flickr.com/photos/emrank/3317922589
f315dc4eee04a2be,test,2,https://creativecommons.org/licenses/by/2.0/,Matthew Britton,https://c7.staticflickr.com/9/8037/7993901217_4c59811a41_o.jpg,https://www.flickr.com/photos/huggleperson/7993901217
f362d9800f7cbbd8,test,2,https://creativecommons.org/licenses/by/2.0/,Wendy Berry,https://c1.staticflickr.com/9/8448/7887902846_ac292254ca_o.jpg,https://www.flickr.com/photos/twodolla/7887902846
f3704c2cf1a10da7,test,4,https://creativecommons.org/licenses/by/2.0/,T U R K A I R O,https://farm8.staticflickr.com/2319/2470179397_ce54b1c5e5_o.jpg,https://www.flickr.com/photos/turkairo/2470179397
f4fd263742e8f5fd,test,7,https://creativecommons.org/licenses/by/2.0/,Ben Salter,https://c6.staticflickr.com/4/3808/13925572402_1ea54f5166_o.jpg,https://www.flickr.com/photos/ben_salter/13925572402/
f51a3a1058836f66,test,2,https://creativecommons.org/licenses/by/2.0/,Foodista,https://farm7.staticflickr.com/2644/3684317580_42b73b6faa_o.jpg,https://www.flickr.com/photos/foodista/3684317580/
f601ceded1bf3780,test,13,https://creativecommons.org/licenses/by/2.0/,Michael R Perry,https://farm1.staticflickr.com/3908/14246679318_8cb8739332_o.jpg,https://www.flickr.com/photos/michaelrperry/14246679318
f63445d1e5247a6d,test,1,https://creativecommons.org/licenses/by/2.0/,Anthony Letmon,https://c6.staticflickr.com/1/135/393664774_2fc740a62e_o.jpg,https://www.flickr.com/photos/anthonyletmon/393664774
f70073399282c8ce,test,2,https://creativecommons.org/licenses/by/2.0/,Photo and Share CC,https://c7.staticflickr.com/4/3801/11029440123_2e1d85b7a7_o.jpg,https://www.flickr.com/photos/cc_photoshare/11029440123
f79fa360f749b8c8,test,1,https://creativecommons.org/licenses/by/2.0/,Maurina Rara,https://c1.staticflickr.com/3/2187/2125807919_e07ffcb3f2_o.jpg,https://www.flickr.com/photos/maurina/2125807919
f8026ea33c54be8b,test,1,https://creativecommons.org/licenses/by/2.0/,Aaron &quot;tango&quot; Tang,https://c4.staticflickr.com/5/4007/4210747192_634475137d_o.jpg,https://www.flickr.com/photos/hahatango/4210747192/
f952ecc795233e69,test,2,https://creativecommons.org/licenses/by/2.0/,SubtlePanda,https://c2.staticflickr.com/3/2430/3888832830_fe05c74926_o.jpg,https://www.flickr.com/photos/subtlepanda/3888832830
f9a79f50fb1ef874,test,1,https://creativecommons.org/licenses/by/2.0/,Axel Weiß,https://farm5.staticflickr.com/8199/8216349416_6c7bee3f9f_o.jpg,https://www.flickr.com/photos/vorvorvorgestern/8216349416
fa178386b606c4e2,test,2,https://creativecommons.org/licenses/by/2.0/,Barry Badcock,https://farm3.staticflickr.com/8628/16098186088_b3e0a1befd_o.jpg,https://www.flickr.com/photos/barty/16098186088
fae64f607e054aba,test,1,https://creativecommons.org/licenses/by/2.0/,Marc Dalmulder,https://c3.staticflickr.com/4/3893/14630307901_f3c60687db_o.jpg,https://www.flickr.com/photos/mdalmuld/14630307901
fc137b37d8c977f4,test,2,https://creativecommons.org/licenses/by/2.0/,Asaf antman,https://farm5.staticflickr.com/1246/1354710955_39a48835d6_o.jpg,https://www.flickr.com/photos/asafantman/1354710955
fc1967423bdf2cb2,test,1,https://creativecommons.org/licenses/by/2.0/,Linda,https://farm3.staticflickr.com/1108/1189182726_6ff98f7fd5_o.jpg,https://www.flickr.com/photos/lindaburnett/1189182726
fc5b63eab4ef0fb5,test,1,https://creativecommons.org/licenses/by/2.0/,hillman54,https://farm6.staticflickr.com/8297/7774414478_a3ebb6db68_o.jpg,https://www.flickr.com/photos/12265657@N04/7774414478
fd8837a762235e6d,test,1,https://creativecommons.org/licenses/by/2.0/,Jim Accordino,https://c6.staticflickr.com/6/5514/11873039306_fdaeb02d3b_o.jpg,https://www.flickr.com/photos/jimmyack205/11873039306/
fe438b6c53fed113,test,2,https://creativecommons.org/licenses/by/2.0/,Sooraj Shajahan,https://farm4.staticflickr.com/6074/6026253502_5ee6fe89ef_o.jpg,https://www.flickr.com/photos/soorajshajahan/6026253502
ff299d791bdb0e18,test,1,https://creativecommons.org/licenses/by/2.0/,James,https://c1.staticflickr.com/8/7320/9282858289_a80c6fb489_o.jpg,https://www.flickr.com/photos/jamarmstrong/9282858289
ffce46ce278e7579,test,2,https://creativecommons.org/licenses/by/2.0/,Mike Fisher,https://c2.staticflickr.com/2/1155/4722870650_d0cbc7c6d8_o.jpg,https://www.flickr.com/photos/bfs_man/4722870650
ffcfb20f7753e9d1,test,1,https://creativecommons.org/licenses/by/2.0/,"Climate Change, Agriculture and Food Security",https://farm2.staticflickr.com/3940/15453536168_410be112af_o.jpg,https://www.flickr.com/photos/cgiarclimate/15453536168
fffc6543b32da1dd,test,2,https://creativecommons.org/licenses/by/2.0/,simpleinsomnia,https://c6.staticflickr.com/8/7795/17631505312_9f65f33065_o.jpg,https://www.flickr.com/photos/simpleinsomnia/17631505312
